罪名,手口,管轄警察署（発生地）,管轄交番・駐在所（発生地）,市区町村コード（発生地）,都道府県（発生地）,市区町村（発生地）,町丁目（発生地）,発生年月日（始期）,発生時（始期）,発生場所,発生場所の詳細,現金以外の主な被害品
窃盗,部品ねらい,南,久保山,141054,神奈川県,横浜市南区,三春台,2021/11/25,21,その他の住宅（３階建て以下共同住宅等）,その他,その他
窃盗,部品ねらい,南,井土ケ谷,141054,神奈川県,横浜市南区,井土ケ谷上町,2021/12/7,18,一戸建住宅,駐車（輪）場,その他
窃盗,部品ねらい,南,井土ケ谷,141054,神奈川県,横浜市南区,井土ケ谷下町,2021/1/5,13,駐車（輪）場,駐車（輪）場,ナンバープレート
窃盗,部品ねらい,南,井土ケ谷,141054,神奈川県,横浜市南区,井土ケ谷下町,2021/1/14,18,４階建て以上共同住宅,駐車（輪）場,ナンバープレート
窃盗,部品ねらい,南,井土ケ谷,141054,神奈川県,横浜市南区,井土ケ谷下町,2021/12/25,13,その他,駐車（輪）場,その他
窃盗,部品ねらい,南,八幡町,141054,神奈川県,横浜市南区,中村町３丁目,2021/2/16,9,道路上,その他,その他
窃盗,部品ねらい,南,六ツ川,141054,神奈川県,横浜市南区,六ツ川１丁目,2021/1/15,10,その他,駐車（輪）場,ナンバープレート
窃盗,部品ねらい,南,六ツ川,141054,神奈川県,横浜市南区,六ツ川１丁目,2021/2/6,15,一戸建住宅,駐車（輪）場,ナンバープレート
窃盗,部品ねらい,南,別所町,141054,神奈川県,横浜市南区,別所３丁目,2021/10/16,13,その他の住宅（３階建て以下共同住宅等）,駐車（輪）場,その他
窃盗,部品ねらい,南,別所町,141054,神奈川県,横浜市南区,別所４丁目,2021/9/5,21,その他の住宅（３階建て以下共同住宅等）,その他,ナンバープレート
窃盗,部品ねらい,南,別所町,141054,神奈川県,横浜市南区,別所５丁目,2021/3/9,11,駐車（輪）場,駐車（輪）場,ナンバープレート
窃盗,部品ねらい,南,別所町,141054,神奈川県,横浜市南区,別所中里台,不明,不明,一戸建住宅,駐車（輪）場,その他
窃盗,部品ねらい,南,南太田,141054,神奈川県,横浜市南区,清水ケ丘,2021/8/20,17,道路上,その他,ナンバープレート
窃盗,部品ねらい,南,南太田,141054,神奈川県,横浜市南区,南太田１丁目,2021/3/18,13,その他の住宅（３階建て以下共同住宅等）,駐車（輪）場,ナンバープレート
窃盗,部品ねらい,南,南太田,141054,神奈川県,横浜市南区,南太田２丁目,2021/2/10,19,４階建て以上共同住宅,その他,その他
窃盗,部品ねらい,南,南太田,141054,神奈川県,横浜市南区,南太田２丁目,2021/11/27,17,４階建て以上共同住宅,駐車（輪）場,ナンバープレート
窃盗,部品ねらい,南,吉野町,141054,神奈川県,横浜市南区,高砂町２丁目,2021/6/23,22,その他の住宅（３階建て以下共同住宅等）,駐車（輪）場,その他
窃盗,部品ねらい,南,吉野町,141054,神奈川県,横浜市南区,西中町３丁目,2021/1/25,12,一戸建住宅,駐車（輪）場,ナンバープレート
窃盗,部品ねらい,南,吉野町,141054,神奈川県,横浜市南区,二葉町１丁目,2021/9/19,19,駐車（輪）場,駐車（輪）場,その他
窃盗,部品ねらい,南,吉野町,141054,神奈川県,横浜市南区,前里町３丁目,2021/9/3,19,駐車（輪）場,駐車（輪）場,ナンバープレート
窃盗,部品ねらい,南,吉野町,141054,神奈川県,横浜市南区,南吉田町５丁目,2021/1/1,21,４階建て以上共同住宅,駐車（輪）場,ナンバープレート
窃盗,部品ねらい,南,大岡町,141054,神奈川県,横浜市南区,大岡４丁目,2021/9/20,14,その他の住宅（３階建て以下共同住宅等）,駐車（輪）場,その他
窃盗,部品ねらい,南,大池,141054,神奈川県,横浜市南区,永田みなみ台,2021/5/15,16,４階建て以上共同住宅,駐車（輪）場,その他
窃盗,部品ねらい,南,大池,141054,神奈川県,横浜市南区,永田みなみ台,2021/5/18,17,４階建て以上共同住宅,駐車（輪）場,その他
窃盗,部品ねらい,南,大池,141054,神奈川県,横浜市南区,永田みなみ台,2021/9/26,14,４階建て以上共同住宅,駐車（輪）場,ナンバープレート
窃盗,部品ねらい,南,大池,141054,神奈川県,横浜市南区,永田みなみ台,2021/12/12,15,４階建て以上共同住宅,駐車（輪）場,ナンバープレート
窃盗,部品ねらい,南,大池,141054,神奈川県,横浜市南区,六ツ川２丁目,2021/2/11,21,駐車（輪）場,駐車（輪）場,ナンバープレート
窃盗,部品ねらい,南,大池,141054,神奈川県,横浜市南区,六ツ川２丁目,2021/7/27,16,駐車（輪）場,駐車（輪）場,ナンバープレート
窃盗,部品ねらい,南,東蒔田町,141054,神奈川県,横浜市南区,共進町１丁目,2021/4/2,19,駐車（輪）場,駐車（輪）場,ナンバープレート
窃盗,部品ねらい,南,永田,141054,神奈川県,横浜市南区,永田北２丁目,2021/5/16,11,駐車（輪）場,駐車（輪）場,ナンバープレート
窃盗,部品ねらい,南,永田,141054,神奈川県,横浜市南区,永田北２丁目,2021/8/31,19,その他の住宅（３階建て以下共同住宅等）,その他,ナンバープレート
窃盗,部品ねらい,南,永田,141054,神奈川県,横浜市南区,永田北３丁目,2021/5/7,19,４階建て以上共同住宅,駐車（輪）場,ナンバープレート
窃盗,部品ねらい,南,浦舟町,141054,神奈川県,横浜市南区,白妙町３丁目,2021/2/15,23,駐車（輪）場,駐車（輪）場,ナンバープレート
窃盗,部品ねらい,南,浦舟町,141054,神奈川県,横浜市南区,白妙町５丁目,2021/10/13,8,駐車（輪）場,駐車（輪）場,その他
窃盗,部品ねらい,南,浦舟町,141054,神奈川県,横浜市南区,高根町４丁目,2021/7/19,21,４階建て以上共同住宅,駐車（輪）場,その他
窃盗,部品ねらい,南,通町,141054,神奈川県,横浜市南区,弘明寺町,2021/8/4,8,駐車（輪）場,駐車（輪）場,その他
窃盗,部品ねらい,南,通町,141054,神奈川県,横浜市南区,中島町１丁目,2021/1/15,7,駐車（輪）場,駐車（輪）場,ナンバープレート
窃盗,部品ねらい,南,通町,141054,神奈川県,横浜市南区,花之木町２丁目,2021/11/2,20,駐車（輪）場,駐車（輪）場,タイヤ・ホイール
窃盗,部品ねらい,大和,つきみ野駅前,142131,神奈川県,大和市,つきみ野１丁目,2021/7/10,11,駐車（輪）場,駐車（輪）場,ナンバープレート
窃盗,部品ねらい,大和,つきみ野駅前,142131,神奈川県,大和市,つきみ野２丁目,2021/1/27,23,一戸建住宅,駐車（輪）場,タイヤ・ホイール
窃盗,部品ねらい,大和,つきみ野駅前,142131,神奈川県,大和市,つきみ野４丁目,2021/2/26,17,道路上,その他,ナンバープレート
窃盗,部品ねらい,大和,上土棚,142182,神奈川県,綾瀬市,上土棚南３丁目,2021/4/2,10,その他の住宅（３階建て以下共同住宅等）,駐車（輪）場,ナンバープレート
窃盗,部品ねらい,大和,上土棚,142182,神奈川県,綾瀬市,上土棚中７丁目,2021/6/8,12,４階建て以上共同住宅,駐車（輪）場,その他
窃盗,部品ねらい,大和,下鶴間,142131,神奈川県,大和市,下鶴間,2021/1/27,13,その他,駐車（輪）場,その他
窃盗,部品ねらい,大和,中央林間,142131,神奈川県,大和市,中央林間３丁目,2021/1/7,7,駐車（輪）場,駐車（輪）場,その他
窃盗,部品ねらい,大和,中央林間,142131,神奈川県,大和市,中央林間３丁目,2021/3/1,7,駐車（輪）場,駐車（輪）場,その他
窃盗,部品ねらい,大和,中央林間,142131,神奈川県,大和市,中央林間３丁目,2021/5/13,8,駐車（輪）場,駐車（輪）場,その他
窃盗,部品ねらい,大和,中央林間,142131,神奈川県,大和市,中央林間３丁目,2021/5/17,8,駐車（輪）場,駐車（輪）場,その他
窃盗,部品ねらい,大和,南林間駅前,142131,神奈川県,大和市,南林間７丁目,2021/8/21,17,駐車（輪）場,駐車（輪）場,その他
窃盗,部品ねらい,大和,南林間駅前,142131,神奈川県,大和市,林間１丁目,2021/8/15,12,一戸建住宅,駐車（輪）場,ナンバープレート
窃盗,部品ねらい,大和,南林間駅前,142131,神奈川県,大和市,林間２丁目,2021/2/16,16,駐車（輪）場,駐車（輪）場,タイヤ・ホイール
窃盗,部品ねらい,大和,大和駅前,142131,神奈川県,大和市,草柳３丁目,2021/11/21,2,一戸建住宅,駐車（輪）場,その他
窃盗,部品ねらい,大和,大和駅前,142131,神奈川県,大和市,中央２丁目,2021/3/20,17,その他の住宅（３階建て以下共同住宅等）,その他,ナンバープレート
窃盗,部品ねらい,大和,大和駅前,142131,神奈川県,大和市,中央６丁目,2021/9/27,12,その他の住宅（３階建て以下共同住宅等）,駐車（輪）場,ナンバープレート
窃盗,部品ねらい,大和,大和駅前,142131,神奈川県,大和市,中央７丁目,2021/8/19,20,その他の住宅（３階建て以下共同住宅等）,駐車（輪）場,その他
窃盗,部品ねらい,大和,大和駅前,142131,神奈川県,大和市,大和東２丁目,2021/4/17,1,駐車（輪）場,駐車（輪）場,ナンバープレート
窃盗,部品ねらい,大和,大和駅前,142131,神奈川県,大和市,深見西１丁目,2021/3/20,19,駐車（輪）場,駐車（輪）場,ナンバープレート
窃盗,部品ねらい,大和,寺尾,142182,神奈川県,綾瀬市,大上１丁目,2021/8/22,12,４階建て以上共同住宅,駐車（輪）場,その他
窃盗,部品ねらい,大和,寺尾,142182,神奈川県,綾瀬市,大上６丁目,2021/9/4,17,駐車（輪）場,駐車（輪）場,ナンバープレート
窃盗,部品ねらい,大和,寺尾,142182,神奈川県,綾瀬市,小園,2021/8/19,20,一戸建住宅,駐車（輪）場,ナンバープレート
窃盗,部品ねらい,大和,寺尾,142182,神奈川県,綾瀬市,寺尾釜田２丁目,2021/5/30,17,その他,駐車（輪）場,ナンバープレート
窃盗,部品ねらい,大和,寺尾,142182,神奈川県,綾瀬市,寺尾中１丁目,2021/4/30,9,駐車（輪）場,駐車（輪）場,ナンバープレート
窃盗,部品ねらい,大和,寺尾,142182,神奈川県,綾瀬市,寺尾中２丁目,2021/3/19,20,道路上,その他,ナンバープレート
窃盗,部品ねらい,大和,寺尾,142182,神奈川県,綾瀬市,寺尾中３丁目,2021/3/13,20,一戸建住宅,駐車（輪）場,ナンバープレート
窃盗,部品ねらい,大和,寺尾,142182,神奈川県,綾瀬市,寺尾西１丁目,2021/8/31,11,その他,駐車（輪）場,ナンバープレート
窃盗,部品ねらい,大和,寺尾,142182,神奈川県,綾瀬市,寺尾西２丁目,2021/4/4,17,駐車（輪）場,駐車（輪）場,ナンバープレート
窃盗,部品ねらい,大和,寺尾,142182,神奈川県,綾瀬市,寺尾西２丁目,2021/6/1,16,その他の住宅（３階建て以下共同住宅等）,駐車（輪）場,ナンバープレート
窃盗,部品ねらい,大和,寺尾,142182,神奈川県,綾瀬市,寺尾台１丁目,2021/1/22,8,駐車（輪）場,駐車（輪）場,ナンバープレート
窃盗,部品ねらい,大和,寺尾,142182,神奈川県,綾瀬市,寺尾台１丁目,2021/6/1,0,その他の住宅（３階建て以下共同住宅等）,駐車（輪）場,ナンバープレート
窃盗,部品ねらい,大和,寺尾,142182,神奈川県,綾瀬市,寺尾台２丁目,2021/3/7,22,駐車（輪）場,駐車（輪）場,ナンバープレート
窃盗,部品ねらい,大和,寺尾,142182,神奈川県,綾瀬市,寺尾台２丁目,2021/3/22,18,駐車（輪）場,駐車（輪）場,ナンバープレート
窃盗,部品ねらい,大和,寺尾,142182,神奈川県,綾瀬市,寺尾台３丁目,2021/2/1,12,駐車（輪）場,駐車（輪）場,ナンバープレート
窃盗,部品ねらい,大和,寺尾,142182,神奈川県,綾瀬市,寺尾台３丁目,2021/3/22,17,駐車（輪）場,駐車（輪）場,ナンバープレート
窃盗,部品ねらい,大和,桜ヶ丘,142131,神奈川県,大和市,上和田,2020/8/1,20,その他の住宅（３階建て以下共同住宅等）,駐車（輪）場,ナンバープレート
窃盗,部品ねらい,大和,桜ヶ丘,142131,神奈川県,大和市,上和田,2021/5/25,21,その他の住宅（３階建て以下共同住宅等）,駐車（輪）場,ナンバープレート
窃盗,部品ねらい,大和,桜ヶ丘,142131,神奈川県,大和市,上和田,2021/7/3,16,その他の住宅（３階建て以下共同住宅等）,駐車（輪）場,その他
窃盗,部品ねらい,大和,桜ヶ丘,142131,神奈川県,大和市,上和田,2021/9/17,16,駐車（輪）場,駐車（輪）場,ナンバープレート
窃盗,部品ねらい,大和,桜ヶ丘,142131,神奈川県,大和市,上和田,2021/12/10,11,駐車（輪）場,駐車（輪）場,ナンバープレート
窃盗,部品ねらい,大和,桜ヶ丘,142131,神奈川県,大和市,福田６丁目,2021/2/19,8,その他の住宅（３階建て以下共同住宅等）,駐車（輪）場,ナンバープレート
窃盗,部品ねらい,大和,桜ヶ丘,142131,神奈川県,大和市,柳橋３丁目,2021/8/13,15,４階建て以上共同住宅,駐車（輪）場,ナンバープレート
窃盗,部品ねらい,大和,深谷,142182,神奈川県,綾瀬市,深谷中４丁目,2021/3/1,17,一戸建住宅,その他,ナンバープレート
窃盗,部品ねらい,大和,深谷,142182,神奈川県,綾瀬市,深谷南１丁目,2021/6/10,14,駐車（輪）場,駐車（輪）場,タイヤ・ホイール
窃盗,部品ねらい,大和,相模大塚駅前,142131,神奈川県,大和市,上草柳,2021/1/22,13,駐車（輪）場,駐車（輪）場,ナンバープレート
窃盗,部品ねらい,大和,相模大塚駅前,142131,神奈川県,大和市,上草柳,2021/5/31,20,その他の住宅（３階建て以下共同住宅等）,駐車（輪）場,ナンバープレート
窃盗,部品ねらい,大和,相模大塚駅前,142131,神奈川県,大和市,上草柳,2021/11/20,16,その他,その他,その他
窃盗,部品ねらい,大和,相模大塚駅前,142131,神奈川県,大和市,上草柳３丁目,2017/8/4,12,その他の住宅（３階建て以下共同住宅等）,駐車（輪）場,ナンバープレート
窃盗,部品ねらい,大和,相模大塚駅前,142131,神奈川県,大和市,上草柳７丁目,2021/1/26,19,駐車（輪）場,駐車（輪）場,タイヤ・ホイール
窃盗,部品ねらい,大和,相模大塚駅前,142131,神奈川県,大和市,上草柳８丁目,2021/5/25,15,一戸建住宅,その他,ナンバープレート
窃盗,部品ねらい,大和,相模大塚駅前,142131,神奈川県,大和市,上草柳９丁目,2021/3/27,13,道路上,その他,ナンバープレート
窃盗,部品ねらい,大和,相模大塚駅前,142182,神奈川県,綾瀬市,大上９丁目,2021/2/21,11,駐車（輪）場,駐車（輪）場,ナンバープレート
窃盗,部品ねらい,大和,相模大塚駅前,142182,神奈川県,綾瀬市,大上９丁目,2021/9/4,7,駐車（輪）場,駐車（輪）場,タイヤ・ホイール
窃盗,部品ねらい,大和,相模大塚駅前,142182,神奈川県,綾瀬市,蓼川１丁目,2021/10/25,23,その他の住宅（３階建て以下共同住宅等）,駐車（輪）場,その他
窃盗,部品ねらい,大和,福田,142131,神奈川県,大和市,上和田,2021/5/19,17,４階建て以上共同住宅,駐車（輪）場,ナンバープレート
窃盗,部品ねらい,大和,福田,142131,神奈川県,大和市,上和田,2021/8/21,15,４階建て以上共同住宅,駐車（輪）場,その他
窃盗,部品ねらい,大和,福田,142131,神奈川県,大和市,下和田,2021/4/6,21,４階建て以上共同住宅,その他,その他
窃盗,部品ねらい,大和,福田,142131,神奈川県,大和市,下和田,2021/4/28,20,その他の住宅（３階建て以下共同住宅等）,駐車（輪）場,ナンバープレート
窃盗,部品ねらい,大和,福田,142131,神奈川県,大和市,福田,2021/2/21,13,駐車（輪）場,駐車（輪）場,ナンバープレート
窃盗,部品ねらい,大和,福田,142131,神奈川県,大和市,福田,2021/2/21,16,駐車（輪）場,駐車（輪）場,ナンバープレート
窃盗,部品ねらい,大和,福田,142131,神奈川県,大和市,福田,2021/3/2,16,４階建て以上共同住宅,駐車（輪）場,タイヤ・ホイール
窃盗,部品ねらい,大和,福田,142131,神奈川県,大和市,福田,2021/3/7,13,駐車（輪）場,駐車（輪）場,ナンバープレート
窃盗,部品ねらい,大和,福田,142131,神奈川県,大和市,福田,2021/4/16,12,駐車（輪）場,駐車（輪）場,ナンバープレート
窃盗,部品ねらい,大和,福田,142131,神奈川県,大和市,福田,2021/7/22,21,駐車（輪）場,駐車（輪）場,ナンバープレート
窃盗,部品ねらい,大和,福田,142131,神奈川県,大和市,渋谷１丁目,2021/4/1,17,４階建て以上共同住宅,駐車（輪）場,タイヤ・ホイール
窃盗,部品ねらい,大和,福田,142131,神奈川県,大和市,渋谷２丁目,2021/2/15,17,駐車（輪）場,駐車（輪）場,タイヤ・ホイール
窃盗,部品ねらい,大和,福田,142131,神奈川県,大和市,渋谷５丁目,2021/2/14,15,その他の住宅（３階建て以下共同住宅等）,駐車（輪）場,ナンバープレート
窃盗,部品ねらい,大和,福田,142131,神奈川県,大和市,渋谷５丁目,2021/2/15,21,４階建て以上共同住宅,駐車（輪）場,タイヤ・ホイール
窃盗,部品ねらい,大和,綾瀬地区,142182,神奈川県,綾瀬市,早川,2021/1/12,13,その他,駐車（輪）場,ナンバープレート
窃盗,部品ねらい,大和,綾瀬地区,142182,神奈川県,綾瀬市,早川,2021/2/15,17,一戸建住宅,その他,その他
窃盗,部品ねらい,大和,綾瀬地区,142182,神奈川県,綾瀬市,早川,2021/3/6,17,駐車（輪）場,駐車（輪）場,ナンバープレート
窃盗,部品ねらい,大和,綾瀬地区,142182,神奈川県,綾瀬市,早川,2021/3/11,19,駐車（輪）場,駐車（輪）場,ナンバープレート
窃盗,部品ねらい,大和,綾瀬地区,142182,神奈川県,綾瀬市,早川,2021/3/19,18,その他,その他,ナンバープレート
窃盗,部品ねらい,大和,綾瀬地区,142182,神奈川県,綾瀬市,吉岡,2021/2/15,17,駐車（輪）場,駐車（輪）場,ナンバープレート
窃盗,部品ねらい,大和,綾瀬地区,142182,神奈川県,綾瀬市,吉岡,2021/2/17,8,一戸建住宅,駐車（輪）場,ナンバープレート
窃盗,部品ねらい,大和,綾瀬地区,142182,神奈川県,綾瀬市,綾西２丁目,2021/2/1,14,その他の住宅（３階建て以下共同住宅等）,駐車（輪）場,ナンバープレート
窃盗,部品ねらい,大和,鶴間駅前,142131,神奈川県,大和市,西鶴間３丁目,2021/1/9,18,４階建て以上共同住宅,駐車（輪）場,その他
窃盗,部品ねらい,泉,いずみ野駅前,141160,神奈川県,横浜市泉区,和泉町,2021/3/8,21,その他の住宅（３階建て以下共同住宅等）,駐車（輪）場,タイヤ・ホイール
窃盗,部品ねらい,泉,いずみ野駅前,141160,神奈川県,横浜市泉区,和泉町,2021/3/11,11,一戸建住宅,駐車（輪）場,ナンバープレート
窃盗,部品ねらい,泉,いずみ野駅前,141160,神奈川県,横浜市泉区,上飯田町,2021/2/8,20,４階建て以上共同住宅,その他,ナンバープレート
窃盗,部品ねらい,泉,いずみ野駅前,141160,神奈川県,横浜市泉区,上飯田町,2021/2/22,7,駐車（輪）場,駐車（輪）場,ナンバープレート
窃盗,部品ねらい,泉,いずみ野駅前,141160,神奈川県,横浜市泉区,上飯田町,2021/6/29,19,その他,駐車（輪）場,タイヤ・ホイール
窃盗,部品ねらい,泉,いずみ野駅前,141160,神奈川県,横浜市泉区,上飯田町,2021/7/2,6,４階建て以上共同住宅,その他,ナンバープレート
窃盗,部品ねらい,泉,いちょう団地,141160,神奈川県,横浜市泉区,上飯田町,2021/4/19,15,４階建て以上共同住宅,その他,その他
窃盗,部品ねらい,泉,いちょう団地,141160,神奈川県,横浜市泉区,上飯田町,2021/7/7,19,駐車（輪）場,駐車（輪）場,その他
窃盗,部品ねらい,泉,いちょう団地,141160,神奈川県,横浜市泉区,上飯田町,2021/7/7,20,４階建て以上共同住宅,駐車（輪）場,その他
窃盗,部品ねらい,泉,いちょう団地,141160,神奈川県,横浜市泉区,上飯田町,2021/7/16,17,４階建て以上共同住宅,その他,ナンバープレート
窃盗,部品ねらい,泉,いちょう団地,141160,神奈川県,横浜市泉区,上飯田町,2021/7/28,17,４階建て以上共同住宅,その他,その他
窃盗,部品ねらい,泉,上飯田,141160,神奈川県,横浜市泉区,上飯田町,2021/5/23,14,駐車（輪）場,駐車（輪）場,ナンバープレート
窃盗,部品ねらい,泉,上飯田,141160,神奈川県,横浜市泉区,上飯田町,2021/8/5,20,駐車（輪）場,駐車（輪）場,ナンバープレート
窃盗,部品ねらい,泉,上飯田,141160,神奈川県,横浜市泉区,上飯田町,2021/10/21,20,４階建て以上共同住宅,駐車（輪）場,その他
窃盗,部品ねらい,泉,上飯田,141160,神奈川県,横浜市泉区,上飯田町,2021/11/15,11,駐車（輪）場,駐車（輪）場,タイヤ・ホイール
窃盗,部品ねらい,泉,下和泉,141160,神奈川県,横浜市泉区,和泉町,2021/3/6,13,駐車（輪）場,駐車（輪）場,ナンバープレート
窃盗,部品ねらい,泉,下和泉,141160,神奈川県,横浜市泉区,下和泉１丁目,2021/5/26,22,その他の住宅（３階建て以下共同住宅等）,駐車（輪）場,ナンバープレート
窃盗,部品ねらい,泉,下和泉,141160,神奈川県,横浜市泉区,和泉が丘２丁目,2020/9/21,15,一戸建住宅,駐車（輪）場,その他
窃盗,部品ねらい,泉,中田,141160,神奈川県,横浜市泉区,中田北３丁目,2021/2/8,15,一戸建住宅,駐車（輪）場,ナンバープレート
窃盗,部品ねらい,泉,中田,141160,神奈川県,横浜市泉区,中田北３丁目,2021/8/3,16,駐車（輪）場,駐車（輪）場,ナンバープレート
窃盗,部品ねらい,泉,中田,141160,神奈川県,横浜市泉区,中田西１丁目,2021/11/14,8,その他,駐車（輪）場,その他
窃盗,部品ねらい,泉,和泉,141160,神奈川県,横浜市泉区,和泉中央南２丁目,2021/9/7,20,駐車（輪）場,駐車（輪）場,ナンバープレート
窃盗,部品ねらい,泉,弥生台駅前,141160,神奈川県,横浜市泉区,岡津町,2021/3/18,22,その他の住宅（３階建て以下共同住宅等）,駐車（輪）場,その他
窃盗,部品ねらい,泉,弥生台駅前,141160,神奈川県,横浜市泉区,新橋町,2020/12/30,11,駐車（輪）場,駐車（輪）場,その他
窃盗,部品ねらい,泉,弥生台駅前,141160,神奈川県,横浜市泉区,新橋町,2021/3/28,16,その他の住宅（３階建て以下共同住宅等）,駐車（輪）場,その他
窃盗,部品ねらい,泉,緑園都市駅前,141160,神奈川県,横浜市泉区,緑園２丁目,2021/3/2,16,一戸建住宅,駐車（輪）場,ナンバープレート
窃盗,部品ねらい,戸塚,上矢部,141101,神奈川県,横浜市戸塚区,上矢部町,2021/2/16,16,４階建て以上共同住宅,駐車（輪）場,ナンバープレート
窃盗,部品ねらい,戸塚,上矢部,141101,神奈川県,横浜市戸塚区,名瀬町,2018/11/15,18,４階建て以上共同住宅,駐車（輪）場,ナンバープレート
窃盗,部品ねらい,戸塚,上矢部,141101,神奈川県,横浜市戸塚区,名瀬町,2021/5/19,16,その他,駐車（輪）場,その他
窃盗,部品ねらい,戸塚,上矢部,141101,神奈川県,横浜市戸塚区,名瀬町,2021/11/10,6,４階建て以上共同住宅,駐車（輪）場,ナンバープレート
窃盗,部品ねらい,戸塚,上矢部,141101,神奈川県,横浜市戸塚区,名瀬町,2021/11/20,20,４階建て以上共同住宅,駐車（輪）場,その他
窃盗,部品ねらい,戸塚,下倉田,141101,神奈川県,横浜市戸塚区,下倉田町,2021/1/18,21,４階建て以上共同住宅,駐車（輪）場,その他
窃盗,部品ねらい,戸塚,下倉田,141101,神奈川県,横浜市戸塚区,下倉田町,2021/2/5,20,その他,駐車（輪）場,ナンバープレート
窃盗,部品ねらい,戸塚,不動坂,141101,神奈川県,横浜市戸塚区,柏尾町,2021/3/29,17,４階建て以上共同住宅,駐車（輪）場,その他
窃盗,部品ねらい,戸塚,不動坂,141101,神奈川県,横浜市戸塚区,柏尾町,2021/7/10,1,４階建て以上共同住宅,駐車（輪）場,その他
窃盗,部品ねらい,戸塚,原宿,141101,神奈川県,横浜市戸塚区,小雀町,2021/2/7,18,一戸建住宅,駐車（輪）場,ナンバープレート
窃盗,部品ねらい,戸塚,平戸,141101,神奈川県,横浜市戸塚区,平戸町,2021/3/25,16,４階建て以上共同住宅,駐車（輪）場,ナンバープレート
窃盗,部品ねらい,戸塚,平戸,141101,神奈川県,横浜市戸塚区,平戸３丁目,2021/5/4,16,一戸建住宅,駐車（輪）場,ナンバープレート
窃盗,部品ねらい,戸塚,戸塚駅東口,141101,神奈川県,横浜市戸塚区,上倉田町,2021/8/9,11,４階建て以上共同住宅,駐車（輪）場,その他
窃盗,部品ねらい,戸塚,戸塚駅西口,141101,神奈川県,横浜市戸塚区,戸塚町,2021/1/14,19,その他の住宅（３階建て以下共同住宅等）,駐車（輪）場,ナンバープレート
窃盗,部品ねらい,戸塚,戸塚駅西口,141101,神奈川県,横浜市戸塚区,戸塚町,2021/1/14,20,その他,駐車（輪）場,ナンバープレート
窃盗,部品ねらい,戸塚,戸塚駅西口,141101,神奈川県,横浜市戸塚区,戸塚町,2021/1/20,5,駐車（輪）場,駐車（輪）場,ナンバープレート
窃盗,部品ねらい,戸塚,戸塚駅西口,141101,神奈川県,横浜市戸塚区,戸塚町,2021/4/3,19,その他の住宅（３階建て以下共同住宅等）,駐車（輪）場,その他
窃盗,部品ねらい,戸塚,戸塚駅西口,141101,神奈川県,横浜市戸塚区,戸塚町,2021/4/4,7,駐車（輪）場,駐車（輪）場,その他
窃盗,部品ねらい,戸塚,戸塚駅西口,141101,神奈川県,横浜市戸塚区,戸塚町,2021/8/1,18,道路上,その他,ナンバープレート
窃盗,部品ねらい,戸塚,柏尾,141101,神奈川県,横浜市戸塚区,名瀬町,2021/3/26,16,駐車（輪）場,駐車（輪）場,ナンバープレート
窃盗,部品ねらい,戸塚,深谷,141101,神奈川県,横浜市戸塚区,汲沢町,2021/7/12,20,４階建て以上共同住宅,駐車（輪）場,ナンバープレート
窃盗,部品ねらい,戸塚,深谷,141101,神奈川県,横浜市戸塚区,俣野町,2021/3/15,16,４階建て以上共同住宅,駐車（輪）場,ナンバープレート
窃盗,部品ねらい,戸塚,深谷,141101,神奈川県,横浜市戸塚区,俣野町,2021/11/4,18,４階建て以上共同住宅,駐車（輪）場,その他
窃盗,部品ねらい,戸塚,深谷,141101,神奈川県,横浜市戸塚区,俣野町,2021/11/8,17,４階建て以上共同住宅,駐車（輪）場,タイヤ・ホイール
窃盗,部品ねらい,戸塚,踊場,141101,神奈川県,横浜市戸塚区,汲沢５丁目,2021/3/17,17,一戸建住宅,駐車（輪）場,ナンバープレート
窃盗,部品ねらい,旭,ひかりが丘,141127,神奈川県,横浜市旭区,上白根町,2021/6/29,17,４階建て以上共同住宅,駐車（輪）場,その他
窃盗,部品ねらい,旭,ひかりが丘,141127,神奈川県,横浜市旭区,上白根町,2021/8/31,7,４階建て以上共同住宅,駐車（輪）場,ナンバープレート
窃盗,部品ねらい,旭,ひかりが丘,141127,神奈川県,横浜市旭区,上白根２丁目,2019/6/1,12,駐車（輪）場,駐車（輪）場,ナンバープレート
窃盗,部品ねらい,旭,上川井,141127,神奈川県,横浜市旭区,上川井町,2021/3/12,15,その他,その他,その他
窃盗,部品ねらい,旭,上川井,141127,神奈川県,横浜市旭区,上川井町,2021/3/31,20,駐車（輪）場,駐車（輪）場,その他
窃盗,部品ねらい,旭,上川井,141127,神奈川県,横浜市旭区,上川井町,2021/5/16,16,道路上,その他,ナンバープレート
窃盗,部品ねらい,旭,上川井,141127,神奈川県,横浜市旭区,上川井町,2021/6/8,17,一戸建住宅,駐車（輪）場,ナンバープレート
窃盗,部品ねらい,旭,上川井,141127,神奈川県,横浜市旭区,上川井町,2021/6/9,8,駐車（輪）場,駐車（輪）場,ナンバープレート
窃盗,部品ねらい,旭,上川井,141127,神奈川県,横浜市旭区,川井宿町,2021/9/14,17,駐車（輪）場,駐車（輪）場,ナンバープレート
窃盗,部品ねらい,旭,二俣川,141127,神奈川県,横浜市旭区,さちが丘,2021/6/30,16,４階建て以上共同住宅,駐車（輪）場,その他
窃盗,部品ねらい,旭,今宿,141127,神奈川県,横浜市旭区,今川町,2021/1/15,11,その他の住宅（３階建て以下共同住宅等）,駐車（輪）場,タイヤ・ホイール
窃盗,部品ねらい,旭,今宿,141127,神奈川県,横浜市旭区,今宿東町,2021/2/22,23,その他の住宅（３階建て以下共同住宅等）,駐車（輪）場,ナンバープレート
窃盗,部品ねらい,旭,今宿,141127,神奈川県,横浜市旭区,今宿東町,2021/5/10,12,４階建て以上共同住宅,駐車（輪）場,ナンバープレート
窃盗,部品ねらい,旭,今宿,141127,神奈川県,横浜市旭区,今宿東町,2021/7/5,7,４階建て以上共同住宅,その他,その他
窃盗,部品ねらい,旭,今宿,141127,神奈川県,横浜市旭区,今宿東町,2021/12/19,17,その他の住宅（３階建て以下共同住宅等）,駐車（輪）場,その他
窃盗,部品ねらい,旭,今宿,141127,神奈川県,横浜市旭区,上白根町,2021/3/17,12,その他,駐車（輪）場,ナンバープレート
窃盗,部品ねらい,旭,南希望が丘,141127,神奈川県,横浜市旭区,柏町,2021/8/9,9,一戸建住宅,駐車（輪）場,なし
窃盗,部品ねらい,旭,南希望が丘,141127,神奈川県,横浜市旭区,柏町,2021/12/16,12,その他,駐車（輪）場,その他
窃盗,部品ねらい,旭,南希望が丘,141127,神奈川県,横浜市旭区,善部町,2021/4/20,10,駐車（輪）場,駐車（輪）場,ナンバープレート
窃盗,部品ねらい,旭,南希望が丘,141127,神奈川県,横浜市旭区,南本宿町,2021/6/9,19,一戸建住宅,駐車（輪）場,ナンバープレート
窃盗,部品ねらい,旭,南希望が丘,141127,神奈川県,横浜市旭区,南本宿町,2021/7/6,22,その他の住宅（３階建て以下共同住宅等）,駐車（輪）場,ナンバープレート
窃盗,部品ねらい,旭,左近山,141127,神奈川県,横浜市旭区,桐が作,2021/9/21,13,その他の住宅（３階建て以下共同住宅等）,その他,その他
窃盗,部品ねらい,旭,左近山,141127,神奈川県,横浜市旭区,左近山,2021/6/18,17,４階建て以上共同住宅,駐車（輪）場,ナンバープレート
窃盗,部品ねらい,旭,左近山,141127,神奈川県,横浜市旭区,左近山,2021/8/1,12,４階建て以上共同住宅,その他,その他
窃盗,部品ねらい,旭,左近山,141127,神奈川県,横浜市旭区,左近山,2021/8/12,20,４階建て以上共同住宅,駐車（輪）場,その他
窃盗,部品ねらい,旭,左近山,141127,神奈川県,横浜市旭区,左近山,2021/9/10,9,４階建て以上共同住宅,駐車（輪）場,ナンバープレート
窃盗,部品ねらい,旭,左近山,141127,神奈川県,横浜市旭区,左近山,2021/11/6,19,４階建て以上共同住宅,駐車（輪）場,その他
窃盗,部品ねらい,旭,左近山,141127,神奈川県,横浜市旭区,左近山,不明,不明,４階建て以上共同住宅,駐車（輪）場,ナンバープレート
窃盗,部品ねらい,旭,市沢,141127,神奈川県,横浜市旭区,市沢町,2020/12/1,15,４階建て以上共同住宅,駐車（輪）場,ナンバープレート
窃盗,部品ねらい,旭,希望が丘,141127,神奈川県,横浜市旭区,中希望が丘,2021/3/28,18,駐車（輪）場,駐車（輪）場,ナンバープレート
窃盗,部品ねらい,旭,希望が丘,141127,神奈川県,横浜市旭区,東希望が丘,2021/7/14,9,その他,その他,その他
窃盗,部品ねらい,旭,白根,141127,神奈川県,横浜市旭区,上白根町,2021/2/15,5,一戸建住宅,駐車（輪）場,ナンバープレート
窃盗,部品ねらい,旭,白根,141127,神奈川県,横浜市旭区,白根８丁目,2021/5/1,7,一戸建住宅,駐車（輪）場,ナンバープレート
窃盗,部品ねらい,旭,白根,141127,神奈川県,横浜市旭区,中白根４丁目,2021/7/21,19,４階建て以上共同住宅,駐車（輪）場,その他
窃盗,部品ねらい,旭,白根,141127,神奈川県,横浜市旭区,中白根４丁目,2021/12/19,14,４階建て以上共同住宅,その他,ナンバープレート
窃盗,部品ねらい,旭,笹野台,141127,神奈川県,横浜市旭区,金が谷２丁目,2021/4/30,10,駐車（輪）場,駐車（輪）場,ナンバープレート
窃盗,部品ねらい,旭,若葉台,141127,神奈川県,横浜市旭区,若葉台４丁目,2021/5/12,0,４階建て以上共同住宅,駐車（輪）場,ナンバープレート
窃盗,部品ねらい,旭,鶴ケ峰,141127,神奈川県,横浜市旭区,鶴ケ峰１丁目,2021/2/4,20,４階建て以上共同住宅,駐車（輪）場,ナンバープレート
窃盗,部品ねらい,旭,鶴ケ峰,141127,神奈川県,横浜市旭区,鶴ケ峰１丁目,2021/7/2,17,４階建て以上共同住宅,駐車（輪）場,ナンバープレート
窃盗,部品ねらい,旭,鶴ケ峰,141127,神奈川県,横浜市旭区,鶴ケ峰１丁目,2021/7/28,10,駐車（輪）場,駐車（輪）場,ナンバープレート
窃盗,部品ねらい,旭,鶴ケ峰,141127,神奈川県,横浜市旭区,鶴ケ峰１丁目,2021/10/12,6,駐車（輪）場,駐車（輪）場,その他
窃盗,部品ねらい,旭,鶴ケ峰,141127,神奈川県,横浜市旭区,鶴ケ峰２丁目,2021/5/4,16,駐車（輪）場,駐車（輪）場,その他
窃盗,部品ねらい,旭,鶴ケ峰,141127,神奈川県,横浜市旭区,鶴ケ峰２丁目,2021/6/17,8,駐車（輪）場,駐車（輪）場,その他
窃盗,部品ねらい,旭,鶴ケ峰,141127,神奈川県,横浜市旭区,鶴ケ峰２丁目,2021/12/13,7,駐車（輪）場,駐車（輪）場,ナンバープレート
窃盗,部品ねらい,旭,鶴ケ峰,141127,神奈川県,横浜市旭区,西川島町,2021/4/19,19,その他の住宅（３階建て以下共同住宅等）,駐車（輪）場,その他
窃盗,部品ねらい,旭,,141135,神奈川県,横浜市緑区,竹山１丁目,2021/8/7,20,駐車（輪）場,駐車（輪）場,ナンバープレート
窃盗,部品ねらい,加賀町,元町,141046,神奈川県,横浜市中区,新山下３丁目,2021/1/15,14,駐車（輪）場,駐車（輪）場,ナンバープレート
窃盗,部品ねらい,加賀町,尾上町,141046,神奈川県,横浜市中区,住吉町２丁目,2021/1/9,14,駐車（輪）場,駐車（輪）場,ナンバープレート
窃盗,部品ねらい,加賀町,本町,141046,神奈川県,横浜市中区,港町４丁目,2021/7/16,8,駐車（輪）場,駐車（輪）場,その他
窃盗,部品ねらい,山手,山元町,141046,神奈川県,横浜市中区,大平町,2021/3/25,13,駐車（輪）場,駐車（輪）場,ナンバープレート
窃盗,部品ねらい,山手,山手駅前,141046,神奈川県,横浜市中区,豆口台,2021/2/7,17,駐車（輪）場,駐車（輪）場,ナンバープレート
窃盗,部品ねらい,山手,山手駅前,141046,神奈川県,横浜市中区,大和町１丁目,2021/10/11,16,一戸建住宅,駐車（輪）場,ナンバープレート
窃盗,部品ねらい,山手,本牧ふ頭,141046,神奈川県,横浜市中区,小港町１丁目,2021/3/20,0,４階建て以上共同住宅,その他,その他
窃盗,部品ねらい,山手,本牧ふ頭,141046,神奈川県,横浜市中区,錦町,2021/3/12,21,４階建て以上共同住宅,駐車（輪）場,その他
窃盗,部品ねらい,山手,本牧ふ頭,141046,神奈川県,横浜市中区,錦町,2021/9/22,16,駐車（輪）場,駐車（輪）場,その他
窃盗,部品ねらい,山手,本牧ふ頭,141046,神奈川県,横浜市中区,本牧ふ頭,2021/3/12,15,駐車（輪）場,駐車（輪）場,ナンバープレート
窃盗,部品ねらい,山手,本牧ふ頭,141046,神奈川県,横浜市中区,本牧宮原,2021/3/14,21,駐車（輪）場,駐車（輪）場,ナンバープレート
窃盗,部品ねらい,山手,本牧三之谷,141046,神奈川県,横浜市中区,本牧元町,2021/4/4,11,一戸建住宅,駐車（輪）場,ナンバープレート
窃盗,部品ねらい,山手,本牧三之谷,141046,神奈川県,横浜市中区,本牧和田,2021/4/5,23,一戸建住宅,駐車（輪）場,その他
窃盗,部品ねらい,山手,根岸,141046,神奈川県,横浜市中区,根岸町２丁目,2021/1/30,12,駐車（輪）場,駐車（輪）場,ナンバープレート
窃盗,部品ねらい,山手,根岸,141046,神奈川県,横浜市中区,根岸町３丁目,2021/9/2,9,４階建て以上共同住宅,駐車（輪）場,ナンバープレート
窃盗,部品ねらい,山手,港の見える丘公園前,141046,神奈川県,横浜市中区,千代崎町２丁目,2021/4/19,22,一戸建住宅,駐車（輪）場,ナンバープレート
窃盗,部品ねらい,山手,港の見える丘公園前,141046,神奈川県,横浜市中区,千代崎町３丁目,2021/3/25,18,駐車（輪）場,駐車（輪）場,ナンバープレート
窃盗,部品ねらい,山手,見晴通,141046,神奈川県,横浜市中区,本郷町２丁目,2021/4/19,22,一戸建住宅,駐車（輪）場,ナンバープレート
窃盗,部品ねらい,磯子,上中里,141071,神奈川県,横浜市磯子区,氷取沢町,2021/2/7,17,駐車（輪）場,駐車（輪）場,ナンバープレート
窃盗,部品ねらい,磯子,丸山,141071,神奈川県,横浜市磯子区,久木町,2021/10/30,18,駐車（輪）場,駐車（輪）場,その他
窃盗,部品ねらい,磯子,丸山,141071,神奈川県,横浜市磯子区,丸山１丁目,2021/11/2,19,駐車（輪）場,駐車（輪）場,ナンバープレート
窃盗,部品ねらい,磯子,根岸駅前,141071,神奈川県,横浜市磯子区,上町,2021/3/3,16,駐車（輪）場,駐車（輪）場,タイヤ・ホイール
窃盗,部品ねらい,磯子,根岸駅前,141071,神奈川県,横浜市磯子区,上町,2021/4/27,15,駐車（輪）場,駐車（輪）場,ナンバープレート
窃盗,部品ねらい,磯子,洋光台,141071,神奈川県,横浜市磯子区,洋光台２丁目,2021/8/16,20,４階建て以上共同住宅,駐車（輪）場,ナンバープレート
窃盗,部品ねらい,磯子,洋光台,141071,神奈川県,横浜市磯子区,洋光台３丁目,2021/4/10,14,駐車（輪）場,駐車（輪）場,ナンバープレート
窃盗,部品ねらい,磯子,洋光台,141071,神奈川県,横浜市磯子区,洋光台５丁目,2021/2/4,19,４階建て以上共同住宅,その他,その他
窃盗,部品ねらい,磯子,磯子駅前,141071,神奈川県,横浜市磯子区,磯子８丁目,2021/4/27,18,一戸建住宅,駐車（輪）場,ナンバープレート
窃盗,部品ねらい,磯子,磯子駅前,141071,神奈川県,横浜市磯子区,磯子台,2021/4/27,21,一戸建住宅,駐車（輪）場,ナンバープレート
窃盗,部品ねらい,磯子,磯子駅前,141071,神奈川県,横浜市磯子区,磯子台,2021/9/3,20,駐車（輪）場,駐車（輪）場,ナンバープレート
窃盗,部品ねらい,金沢,並木,141089,神奈川県,横浜市金沢区,並木１丁目,2021/12/9,2,４階建て以上共同住宅,駐車（輪）場,その他
窃盗,部品ねらい,金沢,六浦,141089,神奈川県,横浜市金沢区,柳町,2021/10/22,20,一戸建住宅,駐車（輪）場,ナンバープレート
窃盗,部品ねらい,金沢,六浦川,141089,神奈川県,横浜市金沢区,六浦南１丁目,2021/10/22,19,駐車（輪）場,駐車（輪）場,ナンバープレート
窃盗,部品ねらい,金沢,六浦川,141089,神奈川県,横浜市金沢区,六浦南４丁目,2021/8/28,19,４階建て以上共同住宅,駐車（輪）場,その他
窃盗,部品ねらい,金沢,六浦川,141089,神奈川県,横浜市金沢区,六浦南４丁目,2021/8/31,11,４階建て以上共同住宅,駐車（輪）場,その他
窃盗,部品ねらい,金沢,六浦川,141089,神奈川県,横浜市金沢区,六浦南４丁目,2021/8/31,21,４階建て以上共同住宅,駐車（輪）場,その他
窃盗,部品ねらい,金沢,六浦川,141089,神奈川県,横浜市金沢区,六浦南４丁目,2021/8/31,22,４階建て以上共同住宅,駐車（輪）場,その他
窃盗,部品ねらい,金沢,大道,141089,神奈川県,横浜市金沢区,東朝比奈３丁目,2021/3/23,13,駐車（輪）場,駐車（輪）場,ナンバープレート
窃盗,部品ねらい,金沢,柴町,141089,神奈川県,横浜市金沢区,柴町,2021/1/25,17,４階建て以上共同住宅,駐車（輪）場,ナンバープレート
窃盗,部品ねらい,金沢,柴町,141089,神奈川県,横浜市金沢区,柴町,2021/1/31,10,駐車（輪）場,駐車（輪）場,ナンバープレート
窃盗,部品ねらい,金沢,洲崎,141089,神奈川県,横浜市金沢区,海の公園,2021/11/14,11,その他,駐車（輪）場,その他
窃盗,部品ねらい,金沢,能見台,141089,神奈川県,横浜市金沢区,能見台３丁目,2021/5/25,19,一戸建住宅,駐車（輪）場,ナンバープレート
窃盗,部品ねらい,金沢,能見台,141089,神奈川県,横浜市金沢区,能見台５丁目,2021/2/7,18,一戸建住宅,駐車（輪）場,ナンバープレート
窃盗,部品ねらい,金沢,能見台,141089,神奈川県,横浜市金沢区,能見台５丁目,2021/5/24,19,一戸建住宅,駐車（輪）場,ナンバープレート
窃盗,部品ねらい,金沢,能見台駅前,141089,神奈川県,横浜市金沢区,能見台東,2021/5/25,10,４階建て以上共同住宅,駐車（輪）場,ナンバープレート
窃盗,部品ねらい,金沢,能見台駅前,141089,神奈川県,横浜市金沢区,能見台東,2021/7/18,21,４階建て以上共同住宅,駐車（輪）場,ナンバープレート
窃盗,部品ねらい,金沢,能見台駅前,141089,神奈川県,横浜市金沢区,能見台東,2021/8/15,22,道路上,その他,ナンバープレート
窃盗,部品ねらい,金沢,釜利谷,141089,神奈川県,横浜市金沢区,釜利谷東７丁目,2021/10/12,20,駐車（輪）場,駐車（輪）場,タイヤ・ホイール
窃盗,部品ねらい,金沢,釜利谷,141089,神奈川県,横浜市金沢区,釜利谷西１丁目,2021/12/1,18,一戸建住宅,駐車（輪）場,その他
窃盗,部品ねらい,金沢,釜利谷,141089,神奈川県,横浜市金沢区,釜利谷南４丁目,2021/6/28,9,一戸建住宅,駐車（輪）場,ナンバープレート
窃盗,部品ねらい,伊勢佐木,吉田橋,141046,神奈川県,横浜市中区,蓬莱町３丁目,2021/1/29,15,駐車（輪）場,駐車（輪）場,ナンバープレート
窃盗,部品ねらい,伊勢佐木,寿町,141046,神奈川県,横浜市中区,扇町２丁目,2021/1/8,18,その他,駐車（輪）場,ナンバープレート
窃盗,部品ねらい,伊勢佐木,寿町,141046,神奈川県,横浜市中区,扇町３丁目,2021/2/18,15,駐車（輪）場,駐車（輪）場,その他
窃盗,部品ねらい,伊勢佐木,寿町,141046,神奈川県,横浜市中区,扇町４丁目,2021/8/14,12,その他,その他,その他
窃盗,部品ねらい,伊勢佐木,寿町,141046,神奈川県,横浜市中区,松影町３丁目,2021/4/16,5,道路上,その他,ナンバープレート
窃盗,部品ねらい,伊勢佐木,寿町,141046,神奈川県,横浜市中区,吉浜町,2021/10/20,5,駐車（輪）場,駐車（輪）場,その他
窃盗,部品ねらい,伊勢佐木,桜木町駅前,141046,神奈川県,横浜市中区,桜木町１丁目,2021/1/19,16,駐車（輪）場,駐車（輪）場,ナンバープレート
窃盗,部品ねらい,伊勢佐木,桜木町駅前,141046,神奈川県,横浜市中区,桜木町１丁目,2021/6/10,8,駐車（輪）場,駐車（輪）場,その他
窃盗,部品ねらい,伊勢佐木,横浜橋,141046,神奈川県,横浜市中区,末吉町３丁目,2021/1/2,13,４階建て以上共同住宅,駐車（輪）場,ナンバープレート
窃盗,部品ねらい,伊勢佐木,横浜橋,141046,神奈川県,横浜市中区,末吉町３丁目,2021/3/9,14,駐車（輪）場,駐車（輪）場,ナンバープレート
窃盗,部品ねらい,伊勢佐木,長者町,141046,神奈川県,横浜市中区,長者町１丁目,2021/11/2,7,駐車（輪）場,駐車（輪）場,ナンバープレート
窃盗,部品ねらい,伊勢佐木,長者町,141046,神奈川県,横浜市中区,万代町２丁目,2021/1/24,15,その他,その他,その他
窃盗,部品ねらい,伊勢佐木,長者町,141046,神奈川県,横浜市中区,三吉町,2021/5/28,8,駐車（輪）場,駐車（輪）場,ナンバープレート
窃盗,部品ねらい,伊勢佐木,長者町,141046,神奈川県,横浜市中区,山田町,2021/11/21,17,４階建て以上共同住宅,駐車（輪）場,ナンバープレート
窃盗,部品ねらい,戸部,一本松,141038,神奈川県,横浜市西区,霞ケ丘,2021/3/16,11,４階建て以上共同住宅,駐車（輪）場,その他
窃盗,部品ねらい,戸部,伊勢町,141038,神奈川県,横浜市西区,戸部町３丁目,2021/1/3,19,駐車（輪）場,駐車（輪）場,ナンバープレート
窃盗,部品ねらい,戸部,横浜駅相鉄口,141038,神奈川県,横浜市西区,北幸２丁目,2021/2/20,11,駐車（輪）場,駐車（輪）場,ナンバープレート
窃盗,部品ねらい,戸部,横浜駅相鉄口,141038,神奈川県,横浜市西区,南幸２丁目,2021/5/19,8,駐車（輪）場,駐車（輪）場,その他
窃盗,部品ねらい,戸部,横浜駅相鉄口,141038,神奈川県,横浜市西区,南幸２丁目,2021/7/15,19,駐車（輪）場,駐車（輪）場,ナンバープレート
窃盗,部品ねらい,戸部,浅間町,141038,神奈川県,横浜市西区,浅間町４丁目,2021/7/9,0,４階建て以上共同住宅,その他,ナンバープレート
窃盗,部品ねらい,戸部,浅間町,141038,神奈川県,横浜市西区,浅間町４丁目,2021/11/26,20,４階建て以上共同住宅,駐車（輪）場,ナンバープレート
窃盗,部品ねらい,戸部,浅間町,141038,神奈川県,横浜市西区,浅間町５丁目,2021/6/29,17,４階建て以上共同住宅,その他,ナンバープレート
窃盗,部品ねらい,戸部,藤棚町,141038,神奈川県,横浜市西区,久保町,2021/5/28,7,その他の住宅（３階建て以下共同住宅等）,その他,ナンバープレート
窃盗,部品ねらい,戸部,藤棚町,141038,神奈川県,横浜市西区,久保町,2021/10/3,18,駐車（輪）場,駐車（輪）場,ナンバープレート
窃盗,部品ねらい,戸部,野毛山公園,141038,神奈川県,横浜市西区,西戸部町１丁目,2020/12/31,16,駐車（輪）場,駐車（輪）場,ナンバープレート
窃盗,部品ねらい,戸部,野毛山公園,141038,神奈川県,横浜市西区,西戸部町１丁目,2021/1/1,17,駐車（輪）場,駐車（輪）場,ナンバープレート
窃盗,部品ねらい,戸部,高島,141038,神奈川県,横浜市西区,花咲町４丁目,2021/4/4,14,駐車（輪）場,駐車（輪）場,ナンバープレート
窃盗,部品ねらい,神奈川,三ツ沢,141020,神奈川県,横浜市神奈川区,三ツ沢下町,2021/8/24,16,その他の住宅（３階建て以下共同住宅等）,駐車（輪）場,ナンバープレート
窃盗,部品ねらい,神奈川,六角橋,141020,神奈川県,横浜市神奈川区,斎藤分町,2021/3/23,19,駐車（輪）場,駐車（輪）場,ナンバープレート
窃盗,部品ねらい,神奈川,六角橋,141020,神奈川県,横浜市神奈川区,六角橋１丁目,2021/8/29,18,その他の住宅（３階建て以下共同住宅等）,駐車（輪）場,ナンバープレート
窃盗,部品ねらい,神奈川,反町,141020,神奈川県,横浜市神奈川区,旭ケ丘,2020/9/15,17,一戸建住宅,駐車（輪）場,ナンバープレート
窃盗,部品ねらい,神奈川,反町,141020,神奈川県,横浜市神奈川区,栗田谷,2021/3/21,0,駐車（輪）場,駐車（輪）場,ナンバープレート
窃盗,部品ねらい,神奈川,反町,141020,神奈川県,横浜市神奈川区,松本町３丁目,2021/2/2,0,４階建て以上共同住宅,駐車（輪）場,ナンバープレート
窃盗,部品ねらい,神奈川,大口駅前,141020,神奈川県,横浜市神奈川区,松見町２丁目,2021/1/26,0,駐車（輪）場,駐車（輪）場,ナンバープレート
窃盗,部品ねらい,神奈川,新子安,141020,神奈川県,横浜市神奈川区,恵比須町,2021/5/6,1,道路上,その他,ナンバープレート
窃盗,部品ねらい,神奈川,新子安,141020,神奈川県,横浜市神奈川区,子安通２丁目,2021/7/10,7,駐車（輪）場,駐車（輪）場,ナンバープレート
窃盗,部品ねらい,神奈川,新子安,141020,神奈川県,横浜市神奈川区,新子安１丁目,2021/10/16,3,４階建て以上共同住宅,駐車（輪）場,ナンバープレート
窃盗,部品ねらい,神奈川,東神奈川駅前,141020,神奈川県,横浜市神奈川区,神奈川１丁目,2021/4/2,23,４階建て以上共同住宅,駐車（輪）場,その他
窃盗,部品ねらい,神奈川,東神奈川駅前,141020,神奈川県,横浜市神奈川区,神奈川本町,2021/2/10,19,駐車（輪）場,駐車（輪）場,ナンバープレート
窃盗,部品ねらい,神奈川,東神奈川駅前,141020,神奈川県,横浜市神奈川区,東神奈川２丁目,2020/12/28,17,その他,駐車（輪）場,その他
窃盗,部品ねらい,神奈川,東神奈川駅前,141020,神奈川県,横浜市神奈川区,東神奈川２丁目,2021/1/1,16,駐車（輪）場,駐車（輪）場,ナンバープレート
窃盗,部品ねらい,神奈川,東神奈川駅前,141020,神奈川県,横浜市神奈川区,東神奈川２丁目,2021/1/3,17,駐車（輪）場,駐車（輪）場,ナンバープレート
窃盗,部品ねらい,神奈川,沢渡,141020,神奈川県,横浜市神奈川区,沢渡,2021/5/10,16,駐車（輪）場,駐車（輪）場,ナンバープレート
窃盗,部品ねらい,神奈川,浦島丘,141020,神奈川県,横浜市神奈川区,白幡東町,2021/3/10,22,その他,駐車（輪）場,タイヤ・ホイール
窃盗,部品ねらい,神奈川,白幡,141020,神奈川県,横浜市神奈川区,白幡西町,2021/5/7,15,駐車（輪）場,駐車（輪）場,ナンバープレート
窃盗,部品ねらい,神奈川,白幡,141020,神奈川県,横浜市神奈川区,白幡西町,2021/5/7,19,駐車（輪）場,駐車（輪）場,ナンバープレート
窃盗,部品ねらい,神奈川,神之木,141020,神奈川県,横浜市神奈川区,西寺尾２丁目,2021/9/25,16,４階建て以上共同住宅,駐車（輪）場,タイヤ・ホイール
窃盗,部品ねらい,神奈川,神之木,141020,神奈川県,横浜市神奈川区,松見町３丁目,2021/3/30,20,駐車（輪）場,駐車（輪）場,ナンバープレート
窃盗,部品ねらい,神奈川,神大寺,141020,神奈川県,横浜市神奈川区,片倉４丁目,2021/2/12,12,駐車（輪）場,駐車（輪）場,ナンバープレート
窃盗,部品ねらい,神奈川,神大寺,141020,神奈川県,横浜市神奈川区,神大寺２丁目,2020/12/30,17,４階建て以上共同住宅,駐車（輪）場,ナンバープレート
窃盗,部品ねらい,神奈川,神大寺,141020,神奈川県,横浜市神奈川区,神大寺２丁目,2021/4/17,12,４階建て以上共同住宅,駐車（輪）場,ナンバープレート
窃盗,部品ねらい,神奈川,神大寺,141020,神奈川県,横浜市神奈川区,神大寺２丁目,2021/5/24,18,４階建て以上共同住宅,駐車（輪）場,その他
窃盗,部品ねらい,神奈川,神大寺,141020,神奈川県,横浜市神奈川区,神大寺２丁目,2021/5/30,19,４階建て以上共同住宅,駐車（輪）場,その他
窃盗,部品ねらい,神奈川,神大寺,141020,神奈川県,横浜市神奈川区,神大寺２丁目,2021/9/7,18,４階建て以上共同住宅,駐車（輪）場,その他
窃盗,部品ねらい,神奈川,神大寺,141020,神奈川県,横浜市神奈川区,神大寺３丁目,2021/8/14,9,その他の住宅（３階建て以下共同住宅等）,駐車（輪）場,その他
窃盗,部品ねらい,神奈川,神大寺,141020,神奈川県,横浜市神奈川区,神大寺３丁目,2021/9/7,18,４階建て以上共同住宅,駐車（輪）場,その他
窃盗,部品ねらい,神奈川,神大寺,141020,神奈川県,横浜市神奈川区,神大寺３丁目,2021/9/7,22,４階建て以上共同住宅,駐車（輪）場,その他
窃盗,部品ねらい,神奈川,神奈川通,141020,神奈川県,横浜市神奈川区,守屋町１丁目,2021/1/6,14,道路上,その他,ナンバープレート
窃盗,部品ねらい,神奈川,羽沢,141020,神奈川県,横浜市神奈川区,三枚町,2021/12/8,20,駐車（輪）場,駐車（輪）場,ナンバープレート
窃盗,部品ねらい,神奈川,羽沢,141020,神奈川県,横浜市神奈川区,羽沢町,2021/2/11,17,４階建て以上共同住宅,駐車（輪）場,ナンバープレート
窃盗,部品ねらい,神奈川,羽沢,141020,神奈川県,横浜市神奈川区,羽沢町,2021/10/17,12,一戸建住宅,その他,タイヤ・ホイール
窃盗,部品ねらい,神奈川,羽沢,141020,神奈川県,横浜市神奈川区,羽沢南１丁目,2021/8/29,18,駐車（輪）場,駐車（輪）場,ナンバープレート
窃盗,部品ねらい,神奈川,羽沢,141020,神奈川県,横浜市神奈川区,羽沢南２丁目,2021/9/5,8,駐車（輪）場,駐車（輪）場,その他
窃盗,部品ねらい,神奈川,菅田,141020,神奈川県,横浜市神奈川区,菅田町,2021/3/30,0,その他の住宅（３階建て以下共同住宅等）,駐車（輪）場,ナンバープレート
窃盗,部品ねらい,鶴見,上末吉,141011,神奈川県,横浜市鶴見区,上末吉１丁目,2021/2/20,13,駐車（輪）場,駐車（輪）場,ナンバープレート
窃盗,部品ねらい,鶴見,上末吉,141011,神奈川県,横浜市鶴見区,上末吉３丁目,2021/6/28,18,駐車（輪）場,駐車（輪）場,ナンバープレート
窃盗,部品ねらい,鶴見,上末吉,141011,神奈川県,横浜市鶴見区,上末吉５丁目,2021/6/8,20,その他,駐車（輪）場,その他
窃盗,部品ねらい,鶴見,別所,141011,神奈川県,横浜市鶴見区,北寺尾２丁目,2020/10/15,16,その他の住宅（３階建て以下共同住宅等）,その他,ナンバープレート
窃盗,部品ねらい,鶴見,別所,141011,神奈川県,横浜市鶴見区,北寺尾２丁目,2020/12/6,13,駐車（輪）場,駐車（輪）場,ナンバープレート
窃盗,部品ねらい,鶴見,別所,141011,神奈川県,横浜市鶴見区,北寺尾６丁目,2021/11/27,12,その他の住宅（３階建て以下共同住宅等）,駐車（輪）場,ナンバープレート
窃盗,部品ねらい,鶴見,別所,141011,神奈川県,横浜市鶴見区,三ツ池公園,2021/4/23,19,その他,駐車（輪）場,ナンバープレート
窃盗,部品ねらい,鶴見,北寺尾,141011,神奈川県,横浜市鶴見区,上の宮１丁目,2021/3/24,16,駐車（輪）場,駐車（輪）場,ナンバープレート
窃盗,部品ねらい,鶴見,向谷,141011,神奈川県,横浜市鶴見区,馬場３丁目,2017/1/1,9,道路上,その他,ナンバープレート
窃盗,部品ねらい,鶴見,向谷,141011,神奈川県,横浜市鶴見区,東寺尾１丁目,2021/11/13,14,その他の住宅（３階建て以下共同住宅等）,駐車（輪）場,ナンバープレート
窃盗,部品ねらい,鶴見,尻手,141011,神奈川県,横浜市鶴見区,尻手１丁目,2021/4/28,9,４階建て以上共同住宅,駐車（輪）場,その他
窃盗,部品ねらい,鶴見,尻手,141011,神奈川県,横浜市鶴見区,尻手１丁目,2021/5/19,9,一戸建住宅,その他,ナンバープレート
窃盗,部品ねらい,鶴見,尻手,141011,神奈川県,横浜市鶴見区,尻手２丁目,2021/2/12,20,駐車（輪）場,駐車（輪）場,ナンバープレート
窃盗,部品ねらい,鶴見,岸谷,141011,神奈川県,横浜市鶴見区,岸谷３丁目,2021/1/26,19,一戸建住宅,駐車（輪）場,ナンバープレート
窃盗,部品ねらい,鶴見,岸谷,141011,神奈川県,横浜市鶴見区,東寺尾４丁目,2021/4/9,17,４階建て以上共同住宅,駐車（輪）場,ナンバープレート
窃盗,部品ねらい,鶴見,岸谷,141011,神奈川県,横浜市鶴見区,東寺尾４丁目,2021/7/4,16,駐車（輪）場,駐車（輪）場,ナンバープレート
窃盗,部品ねらい,鶴見,市場,141011,神奈川県,横浜市鶴見区,市場下町,2021/2/23,21,駐車（輪）場,駐車（輪）場,ナンバープレート
窃盗,部品ねらい,鶴見,末吉,141011,神奈川県,横浜市鶴見区,下末吉５丁目,2021/1/16,18,駐車（輪）場,駐車（輪）場,ナンバープレート
窃盗,部品ねらい,鶴見,末吉,141011,神奈川県,横浜市鶴見区,下末吉６丁目,2021/1/15,18,一戸建住宅,駐車（輪）場,ナンバープレート
窃盗,部品ねらい,鶴見,本町通,141011,神奈川県,横浜市鶴見区,下野谷町４丁目,2021/4/1,18,駐車（輪）場,駐車（輪）場,ナンバープレート
窃盗,部品ねらい,鶴見,本町通,141011,神奈川県,横浜市鶴見区,仲通１丁目,2021/4/13,18,駐車（輪）場,駐車（輪）場,ナンバープレート
窃盗,部品ねらい,鶴見,本町通,141011,神奈川県,横浜市鶴見区,本町通１丁目,2021/9/24,7,駐車（輪）場,駐車（輪）場,ナンバープレート
窃盗,部品ねらい,鶴見,東寺尾,141011,神奈川県,横浜市鶴見区,馬場４丁目,2021/1/22,22,その他の住宅（３階建て以下共同住宅等）,駐車（輪）場,ナンバープレート
窃盗,部品ねらい,鶴見,東寺尾,141011,神奈川県,横浜市鶴見区,馬場４丁目,2021/10/20,15,その他の住宅（３階建て以下共同住宅等）,その他,その他
窃盗,部品ねらい,鶴見,東寺尾,141011,神奈川県,横浜市鶴見区,東寺尾６丁目,2021/3/20,15,駐車（輪）場,駐車（輪）場,ナンバープレート
窃盗,部品ねらい,鶴見,東寺尾,141011,神奈川県,横浜市鶴見区,東寺尾中台,2021/5/7,18,４階建て以上共同住宅,駐車（輪）場,その他
窃盗,部品ねらい,鶴見,潮田,141011,神奈川県,横浜市鶴見区,潮田町２丁目,2021/6/23,20,駐車（輪）場,駐車（輪）場,ナンバープレート
窃盗,部品ねらい,鶴見,潮田,141011,神奈川県,横浜市鶴見区,向井町４丁目,2021/1/29,18,その他の住宅（３階建て以下共同住宅等）,駐車（輪）場,ナンバープレート
窃盗,部品ねらい,鶴見,矢向,141011,神奈川県,横浜市鶴見区,矢向１丁目,2020/12/23,17,４階建て以上共同住宅,駐車（輪）場,その他
窃盗,部品ねらい,鶴見,駒岡,141011,神奈川県,横浜市鶴見区,駒岡１丁目,2021/5/9,11,一戸建住宅,その他,ナンバープレート
窃盗,部品ねらい,鶴見,駒岡,141011,神奈川県,横浜市鶴見区,駒岡４丁目,2021/8/15,14,その他の住宅（３階建て以下共同住宅等）,駐車（輪）場,ナンバープレート
窃盗,部品ねらい,鶴見,駒岡,141011,神奈川県,横浜市鶴見区,駒岡５丁目,2021/4/16,19,４階建て以上共同住宅,駐車（輪）場,その他
窃盗,部品ねらい,鶴見,駒岡,141011,神奈川県,横浜市鶴見区,駒岡５丁目,2021/9/24,10,４階建て以上共同住宅,駐車（輪）場,その他
窃盗,部品ねらい,鶴見,駒岡,141011,神奈川県,横浜市鶴見区,獅子ケ谷３丁目,2021/8/28,16,駐車（輪）場,駐車（輪）場,その他
窃盗,部品ねらい,鶴見,鶴見駅前,141011,神奈川県,横浜市鶴見区,鶴見中央２丁目,2021/1/3,19,駐車（輪）場,駐車（輪）場,ナンバープレート
窃盗,部品ねらい,鶴見,鶴見駅西口,141011,神奈川県,横浜市鶴見区,豊岡町,2021/3/12,18,駐車（輪）場,駐車（輪）場,その他
窃盗,部品ねらい,鶴見,鶴見駅西口,141011,神奈川県,横浜市鶴見区,東寺尾東台,2021/1/23,19,駐車（輪）場,駐車（輪）場,ナンバープレート
窃盗,部品ねらい,保土ケ谷,上菅田町,141062,神奈川県,横浜市保土ケ谷区,上菅田町,2021/3/14,16,一戸建住宅,駐車（輪）場,ナンバープレート
窃盗,部品ねらい,保土ケ谷,上菅田町,141062,神奈川県,横浜市保土ケ谷区,上菅田町,2021/3/29,16,４階建て以上共同住宅,駐車（輪）場,その他
窃盗,部品ねらい,保土ケ谷,両郡橋,141062,神奈川県,横浜市保土ケ谷区,川島町,2021/8/24,17,４階建て以上共同住宅,駐車（輪）場,ナンバープレート
窃盗,部品ねらい,保土ケ谷,両郡橋,141062,神奈川県,横浜市保土ケ谷区,仏向町,2021/2/11,20,４階建て以上共同住宅,駐車（輪）場,その他
窃盗,部品ねらい,保土ケ谷,両郡橋,141062,神奈川県,横浜市保土ケ谷区,上星川１丁目,2021/8/17,20,４階建て以上共同住宅,その他,その他
窃盗,部品ねらい,保土ケ谷,今井町,141062,神奈川県,横浜市保土ケ谷区,今井町,2021/6/16,11,駐車（輪）場,駐車（輪）場,タイヤ・ホイール
窃盗,部品ねらい,保土ケ谷,今井町,141062,神奈川県,横浜市保土ケ谷区,今井町,2021/9/23,16,その他の住宅（３階建て以下共同住宅等）,その他,その他
窃盗,部品ねらい,保土ケ谷,保土ケ谷橋,141062,神奈川県,横浜市保土ケ谷区,瀬戸ケ谷町,2021/10/28,16,４階建て以上共同住宅,駐車（輪）場,その他
窃盗,部品ねらい,保土ケ谷,元町橋,141062,神奈川県,横浜市保土ケ谷区,境木本町,2021/11/11,15,一戸建住宅,その他,その他
窃盗,部品ねらい,保土ケ谷,元町橋,141062,神奈川県,横浜市保土ケ谷区,法泉３丁目,2021/2/12,9,駐車（輪）場,駐車（輪）場,ナンバープレート
窃盗,部品ねらい,保土ケ谷,元町橋,141062,神奈川県,横浜市保土ケ谷区,法泉３丁目,2021/12/12,19,その他の住宅（３階建て以下共同住宅等）,駐車（輪）場,ナンバープレート
窃盗,部品ねらい,保土ケ谷,和田町,141062,神奈川県,横浜市保土ケ谷区,釜台町,2021/10/23,13,４階建て以上共同住宅,駐車（輪）場,ナンバープレート
窃盗,部品ねらい,保土ケ谷,岡沢町,141062,神奈川県,横浜市保土ケ谷区,常盤台,2021/3/12,19,駐車（輪）場,駐車（輪）場,ナンバープレート
窃盗,部品ねらい,保土ケ谷,岡沢町,141062,神奈川県,横浜市保土ケ谷区,峰沢町,2021/2/2,6,駐車（輪）場,駐車（輪）場,ナンバープレート
窃盗,部品ねらい,保土ケ谷,川島町,141062,神奈川県,横浜市保土ケ谷区,川島町,2021/8/8,13,４階建て以上共同住宅,その他,その他
窃盗,部品ねらい,保土ケ谷,川島町,141062,神奈川県,横浜市保土ケ谷区,川島町,2021/8/8,16,４階建て以上共同住宅,駐車（輪）場,その他
窃盗,部品ねらい,保土ケ谷,川島町,141062,神奈川県,横浜市保土ケ谷区,川島町,2021/8/12,1,４階建て以上共同住宅,その他,なし
窃盗,部品ねらい,保土ケ谷,川島町,141062,神奈川県,横浜市保土ケ谷区,川島町,2021/9/5,11,４階建て以上共同住宅,駐車（輪）場,その他
窃盗,部品ねらい,保土ケ谷,川島町,141062,神奈川県,横浜市保土ケ谷区,川島町,2021/9/22,10,４階建て以上共同住宅,駐車（輪）場,ナンバープレート
窃盗,部品ねらい,保土ケ谷,川島町,141062,神奈川県,横浜市保土ケ谷区,川島町,2021/11/6,10,４階建て以上共同住宅,駐車（輪）場,ナンバープレート
窃盗,部品ねらい,保土ケ谷,新桜ヶ丘,141062,神奈川県,横浜市保土ケ谷区,法泉２丁目,2021/5/7,20,駐車（輪）場,駐車（輪）場,その他
窃盗,部品ねらい,保土ケ谷,新桜ヶ丘,141062,神奈川県,横浜市保土ケ谷区,新桜ケ丘２丁目,2021/9/7,17,４階建て以上共同住宅,駐車（輪）場,ナンバープレート
窃盗,部品ねらい,保土ケ谷,新桜ヶ丘,141062,神奈川県,横浜市保土ケ谷区,新桜ケ丘２丁目,2021/10/8,2,４階建て以上共同住宅,駐車（輪）場,ナンバープレート
窃盗,部品ねらい,保土ケ谷,星川,141062,神奈川県,横浜市保土ケ谷区,明神台,2021/6/24,15,４階建て以上共同住宅,駐車（輪）場,ナンバープレート
窃盗,部品ねらい,保土ケ谷,星川,141062,神奈川県,横浜市保土ケ谷区,明神台,2021/7/26,17,４階建て以上共同住宅,駐車（輪）場,その他
窃盗,部品ねらい,保土ケ谷,花見台,141062,神奈川県,横浜市保土ケ谷区,岩崎町,2021/8/3,11,４階建て以上共同住宅,その他,タイヤ・ホイール
窃盗,部品ねらい,保土ケ谷,花見台,141062,神奈川県,横浜市保土ケ谷区,花見台,2021/5/9,15,４階建て以上共同住宅,駐車（輪）場,ナンバープレート
窃盗,部品ねらい,保土ケ谷,花見台,141062,神奈川県,横浜市保土ケ谷区,花見台,2021/6/3,10,４階建て以上共同住宅,駐車（輪）場,ナンバープレート
窃盗,部品ねらい,保土ケ谷,花見台,141062,神奈川県,横浜市保土ケ谷区,藤塚町,2021/9/5,18,駐車（輪）場,駐車（輪）場,ナンバープレート
窃盗,部品ねらい,保土ケ谷,西谷,141062,神奈川県,横浜市保土ケ谷区,東川島町,2021/12/15,23,一戸建住宅,駐車（輪）場,ナンバープレート
窃盗,部品ねらい,保土ケ谷,西谷,141062,神奈川県,横浜市保土ケ谷区,,2021/10/17,13,一戸建住宅,その他,その他
窃盗,部品ねらい,港南,上大岡駅前,141119,神奈川県,横浜市港南区,大久保１丁目,2021/10/18,15,駐車（輪）場,駐車（輪）場,その他
窃盗,部品ねらい,港南,上大岡駅前,141119,神奈川県,横浜市港南区,大久保１丁目,2021/11/20,16,駐車（輪）場,駐車（輪）場,その他
窃盗,部品ねらい,港南,上大岡駅前,141119,神奈川県,横浜市港南区,上大岡西１丁目,2021/3/27,16,４階建て以上共同住宅,駐車（輪）場,その他
窃盗,部品ねらい,港南,上大岡駅前,141119,神奈川県,横浜市港南区,最戸１丁目,2021/2/1,18,４階建て以上共同住宅,駐車（輪）場,ナンバープレート
窃盗,部品ねらい,港南,上大岡駅前,141119,神奈川県,横浜市港南区,最戸１丁目,2021/3/19,19,４階建て以上共同住宅,駐車（輪）場,その他
窃盗,部品ねらい,港南,上永谷駅前,141119,神奈川県,横浜市港南区,上永谷５丁目,2020/12/30,16,一戸建住宅,駐車（輪）場,ナンバープレート
窃盗,部品ねらい,港南,上永谷駅前,141119,神奈川県,横浜市港南区,上永谷５丁目,2021/3/23,19,一戸建住宅,その他,ナンバープレート
窃盗,部品ねらい,港南,上永谷駅前,141119,神奈川県,横浜市港南区,丸山台２丁目,2021/12/10,21,駐車（輪）場,駐車（輪）場,ナンバープレート
窃盗,部品ねらい,港南,上永谷駅前,141119,神奈川県,横浜市港南区,丸山台４丁目,2021/6/29,10,道路上,その他,その他
窃盗,部品ねらい,港南,南高校前,141119,神奈川県,横浜市港南区,東永谷１丁目,2021/2/22,0,駐車（輪）場,駐車（輪）場,ナンバープレート
窃盗,部品ねらい,港南,日野,141119,神奈川県,横浜市港南区,日野８丁目,2021/1/30,18,４階建て以上共同住宅,駐車（輪）場,ナンバープレート
窃盗,部品ねらい,港南,日野,141119,神奈川県,横浜市港南区,日野中央２丁目,2021/2/1,7,その他,駐車（輪）場,その他
窃盗,部品ねらい,港南,日野,141119,神奈川県,横浜市港南区,日野中央２丁目,2021/6/3,13,その他,駐車（輪）場,その他
窃盗,部品ねらい,港南,港南台南,141119,神奈川県,横浜市港南区,港南台２丁目,2021/4/13,21,４階建て以上共同住宅,駐車（輪）場,その他
窃盗,部品ねらい,港南,港南台駅前,141119,神奈川県,横浜市港南区,港南台３丁目,2021/7/11,21,その他,駐車（輪）場,その他
窃盗,部品ねらい,港南,港南台駅前,141119,神奈川県,横浜市港南区,港南台４丁目,2021/6/7,18,４階建て以上共同住宅,駐車（輪）場,その他
窃盗,部品ねらい,港南,芹が谷,141119,神奈川県,横浜市港南区,芹が谷５丁目,2021/1/16,19,その他,駐車（輪）場,ナンバープレート
窃盗,部品ねらい,港南,芹が谷,141119,神奈川県,横浜市港南区,東芹が谷,2021/1/26,11,駐車（輪）場,駐車（輪）場,ナンバープレート
窃盗,部品ねらい,港南,芹が谷,141119,神奈川県,横浜市港南区,東芹が谷,2021/12/20,12,４階建て以上共同住宅,駐車（輪）場,その他
窃盗,部品ねらい,港南,芹が谷,141119,神奈川県,横浜市港南区,下永谷４丁目,2021/1/25,18,駐車（輪）場,駐車（輪）場,ナンバープレート
窃盗,部品ねらい,港南,芹が谷,141119,神奈川県,横浜市港南区,下永谷５丁目,2021/2/23,6,その他の住宅（３階建て以下共同住宅等）,駐車（輪）場,ナンバープレート
窃盗,部品ねらい,港南,野庭,141119,神奈川県,横浜市港南区,野庭町,2020/12/9,17,一戸建住宅,駐車（輪）場,ナンバープレート
窃盗,部品ねらい,港南,野庭,141119,神奈川県,横浜市港南区,野庭町,2020/12/20,12,４階建て以上共同住宅,その他,ナンバープレート
窃盗,部品ねらい,港南,野庭,141119,神奈川県,横浜市港南区,野庭町,2021/2/11,15,４階建て以上共同住宅,駐車（輪）場,ナンバープレート
窃盗,部品ねらい,港南,野庭,141119,神奈川県,横浜市港南区,野庭町,2021/6/16,13,４階建て以上共同住宅,駐車（輪）場,その他
窃盗,部品ねらい,港南,野庭,141119,神奈川県,横浜市港南区,野庭町,2021/6/16,20,４階建て以上共同住宅,駐車（輪）場,その他
窃盗,部品ねらい,港南,野庭,141119,神奈川県,横浜市港南区,野庭町,2021/7/3,17,４階建て以上共同住宅,駐車（輪）場,その他
窃盗,部品ねらい,港南,野庭,141119,神奈川県,横浜市港南区,野庭町,2021/10/24,18,４階建て以上共同住宅,駐車（輪）場,ナンバープレート
窃盗,部品ねらい,港南,野庭,141119,神奈川県,横浜市港南区,野庭町,2021/11/30,12,４階建て以上共同住宅,駐車（輪）場,その他
窃盗,部品ねらい,港南,関の下,141119,神奈川県,横浜市港南区,上大岡西２丁目,2021/1/31,20,４階建て以上共同住宅,駐車（輪）場,ナンバープレート
窃盗,部品ねらい,緑,中山駅前,141135,神奈川県,横浜市緑区,北八朔町,2021/8/22,13,駐車（輪）場,駐車（輪）場,ナンバープレート
窃盗,部品ねらい,緑,中山駅前,141135,神奈川県,横浜市緑区,中山４丁目,2021/10/12,21,その他,駐車（輪）場,その他
窃盗,部品ねらい,緑,北八朔町,141135,神奈川県,横浜市緑区,青砥町,2021/2/11,19,その他の住宅（３階建て以下共同住宅等）,駐車（輪）場,ナンバープレート
窃盗,部品ねらい,緑,北八朔町,141135,神奈川県,横浜市緑区,北八朔町,2021/4/10,19,駐車（輪）場,駐車（輪）場,ナンバープレート
窃盗,部品ねらい,緑,北八朔町,141135,神奈川県,横浜市緑区,北八朔町,2021/9/28,16,４階建て以上共同住宅,その他,ナンバープレート
窃盗,部品ねらい,緑,十日市場駅前,141135,神奈川県,横浜市緑区,北八朔町,2021/9/3,17,駐車（輪）場,駐車（輪）場,ナンバープレート
窃盗,部品ねらい,緑,長津田駅前,141135,神奈川県,横浜市緑区,長津田１丁目,2021/8/31,16,４階建て以上共同住宅,駐車（輪）場,その他
窃盗,部品ねらい,緑,長津田駅前,141135,神奈川県,横浜市緑区,長津田みなみ台１丁目,2021/4/9,18,４階建て以上共同住宅,駐車（輪）場,その他
窃盗,部品ねらい,緑,長津田駅前,141135,神奈川県,横浜市緑区,長津田みなみ台１丁目,2021/4/9,19,４階建て以上共同住宅,駐車（輪）場,その他
窃盗,部品ねらい,緑,鴨居駅前,141135,神奈川県,横浜市緑区,鴨居１丁目,2021/9/27,18,その他,駐車（輪）場,その他
窃盗,部品ねらい,緑,鴨居駅前,141135,神奈川県,横浜市緑区,鴨居１丁目,2021/11/5,9,その他,駐車（輪）場,その他
窃盗,部品ねらい,緑,鴨居駅前,141135,神奈川県,横浜市緑区,東本郷４丁目,2021/10/8,19,その他の住宅（３階建て以下共同住宅等）,駐車（輪）場,ナンバープレート
窃盗,部品ねらい,港北,仲手原,141097,神奈川県,横浜市港北区,仲手原１丁目,2021/7/23,0,４階建て以上共同住宅,駐車（輪）場,ナンバープレート
窃盗,部品ねらい,港北,吉田口,141097,神奈川県,横浜市港北区,新吉田町,2021/4/27,15,駐車（輪）場,駐車（輪）場,カーナビ
窃盗,部品ねらい,港北,吉田口,141097,神奈川県,横浜市港北区,新吉田東１丁目,2021/3/14,19,一戸建住宅,駐車（輪）場,ナンバープレート
窃盗,部品ねらい,港北,吉田口,141097,神奈川県,横浜市港北区,新吉田東３丁目,2021/3/17,16,駐車（輪）場,駐車（輪）場,ナンバープレート
窃盗,部品ねらい,港北,小机,141097,神奈川県,横浜市港北区,小机町,2021/4/2,14,その他,駐車（輪）場,その他
窃盗,部品ねらい,港北,小机,141097,神奈川県,横浜市港北区,小机町,2021/12/17,23,その他,その他,その他
窃盗,部品ねらい,港北,小机,141097,神奈川県,横浜市港北区,鳥山町,2021/2/15,23,その他の住宅（３階建て以下共同住宅等）,その他,ナンバープレート
窃盗,部品ねらい,港北,小机,141097,神奈川県,横浜市港北区,鳥山町,2021/4/18,14,その他,駐車（輪）場,ナンバープレート
窃盗,部品ねらい,港北,新横浜駅前,141097,神奈川県,横浜市港北区,岸根町,2021/2/12,17,駐車（輪）場,駐車（輪）場,ナンバープレート
窃盗,部品ねらい,港北,新横浜駅前,141097,神奈川県,横浜市港北区,岸根町,2021/2/12,18,駐車（輪）場,駐車（輪）場,ナンバープレート
窃盗,部品ねらい,港北,新横浜駅前,141097,神奈川県,横浜市港北区,篠原町,2021/11/19,10,駐車（輪）場,駐車（輪）場,その他
窃盗,部品ねらい,港北,新横浜駅前,141097,神奈川県,横浜市港北区,篠原町,2021/12/3,18,その他の住宅（３階建て以下共同住宅等）,駐車（輪）場,その他
窃盗,部品ねらい,港北,新横浜駅前,141097,神奈川県,横浜市港北区,篠原町,2021/12/21,8,駐車（輪）場,駐車（輪）場,その他
窃盗,部品ねらい,港北,新横浜駅前,141097,神奈川県,横浜市港北区,新横浜１丁目,2021/7/18,21,その他,その他,ナンバープレート
窃盗,部品ねらい,港北,新羽駅前,141097,神奈川県,横浜市港北区,新羽町,2021/1/12,7,駐車（輪）場,駐車（輪）場,ナンバープレート
窃盗,部品ねらい,港北,日吉本町,141097,神奈川県,横浜市港北区,綱島東４丁目,2021/1/21,18,４階建て以上共同住宅,駐車（輪）場,ナンバープレート
窃盗,部品ねらい,港北,日吉本町,141097,神奈川県,横浜市港北区,日吉本町４丁目,2021/7/25,15,４階建て以上共同住宅,駐車（輪）場,その他
窃盗,部品ねらい,港北,日吉本町,141097,神奈川県,横浜市港北区,日吉本町４丁目,2021/12/21,11,４階建て以上共同住宅,駐車（輪）場,タイヤ・ホイール
窃盗,部品ねらい,港北,日吉東,141097,神奈川県,横浜市港北区,箕輪町２丁目,2021/7/4,17,４階建て以上共同住宅,駐車（輪）場,ナンバープレート
窃盗,部品ねらい,港北,樽町,141097,神奈川県,横浜市港北区,樽町１丁目,2021/5/1,12,駐車（輪）場,駐車（輪）場,ナンバープレート
窃盗,部品ねらい,港北,樽町,141097,神奈川県,横浜市港北区,樽町２丁目,2021/7/31,23,一戸建住宅,駐車（輪）場,その他
窃盗,部品ねらい,港北,樽町,141097,神奈川県,横浜市港北区,樽町４丁目,2021/1/6,14,駐車（輪）場,駐車（輪）場,ナンバープレート
窃盗,部品ねらい,港北,樽町,141097,神奈川県,横浜市港北区,大曽根２丁目,2021/12/15,21,その他の住宅（３階建て以下共同住宅等）,駐車（輪）場,ナンバープレート
窃盗,部品ねらい,港北,綱島駅前,141097,神奈川県,横浜市港北区,綱島台,2021/1/17,16,その他,その他,ナンバープレート
窃盗,部品ねらい,港北,菊名池,141097,神奈川県,横浜市港北区,菊名１丁目,2021/2/20,17,４階建て以上共同住宅,駐車（輪）場,ナンバープレート
窃盗,部品ねらい,港北,菊名池,141097,神奈川県,横浜市港北区,富士塚１丁目,2021/2/20,14,その他の住宅（３階建て以下共同住宅等）,駐車（輪）場,ナンバープレート
窃盗,部品ねらい,港北,菊名駅前,141097,神奈川県,横浜市港北区,菊名３丁目,2021/1/24,13,駐車（輪）場,駐車（輪）場,ナンバープレート
窃盗,部品ねらい,港北,高田,141097,神奈川県,横浜市港北区,高田東４丁目,2021/9/23,16,４階建て以上共同住宅,駐車（輪）場,その他
窃盗,部品ねらい,港北,高田,141097,神奈川県,横浜市港北区,高田西２丁目,2021/10/4,19,４階建て以上共同住宅,駐車（輪）場,その他
窃盗,部品ねらい,港北,高田,141097,神奈川県,横浜市港北区,高田西５丁目,2021/5/1,21,一戸建住宅,その他,その他
窃盗,部品ねらい,瀬谷,北新,141143,神奈川県,横浜市瀬谷区,下瀬谷３丁目,2021/2/10,21,駐車（輪）場,駐車（輪）場,タイヤ・ホイール
窃盗,部品ねらい,瀬谷,南台,141143,神奈川県,横浜市瀬谷区,下瀬谷２丁目,2021/1/29,22,駐車（輪）場,駐車（輪）場,タイヤ・ホイール
窃盗,部品ねらい,瀬谷,南台,141143,神奈川県,横浜市瀬谷区,三ツ境,2021/1/28,19,４階建て以上共同住宅,駐車（輪）場,ナンバープレート
窃盗,部品ねらい,瀬谷,南台,141143,神奈川県,横浜市瀬谷区,南瀬谷１丁目,2020/12/28,20,一戸建住宅,その他,ナンバープレート
窃盗,部品ねらい,瀬谷,南台,141143,神奈川県,横浜市瀬谷区,南台１丁目,2021/9/7,15,その他,駐車（輪）場,その他
窃盗,部品ねらい,瀬谷,南台,141143,神奈川県,横浜市瀬谷区,南台２丁目,2021/3/17,17,４階建て以上共同住宅,駐車（輪）場,その他
窃盗,部品ねらい,瀬谷,南台,141143,神奈川県,横浜市瀬谷区,橋戸２丁目,2021/3/12,8,駐車（輪）場,駐車（輪）場,ナンバープレート
窃盗,部品ねらい,瀬谷,南台,141143,神奈川県,横浜市瀬谷区,宮沢１丁目,2021/8/16,23,その他の住宅（３階建て以下共同住宅等）,駐車（輪）場,その他
窃盗,部品ねらい,瀬谷,瀬谷駅前,141143,神奈川県,横浜市瀬谷区,本郷３丁目,2021/3/12,22,その他の住宅（３階建て以下共同住宅等）,駐車（輪）場,その他
窃盗,部品ねらい,瀬谷,瀬谷駅前,141143,神奈川県,横浜市瀬谷区,相沢４丁目,2021/12/24,21,駐車（輪）場,駐車（輪）場,ナンバープレート
窃盗,部品ねらい,瀬谷,目黒,141143,神奈川県,横浜市瀬谷区,卸本町,2021/4/13,19,道路上,その他,ナンバープレート
窃盗,部品ねらい,瀬谷,目黒,141143,神奈川県,横浜市瀬谷区,上瀬谷町,2021/7/3,16,その他の住宅（３階建て以下共同住宅等）,その他,タイヤ・ホイール
窃盗,部品ねらい,瀬谷,目黒,141143,神奈川県,横浜市瀬谷区,五貫目町,2021/9/17,8,その他,駐車（輪）場,ナンバープレート
窃盗,部品ねらい,瀬谷,目黒,141143,神奈川県,横浜市瀬谷区,目黒町,2021/3/28,0,道路上,その他,ナンバープレート
窃盗,部品ねらい,瀬谷,竹村町,141143,神奈川県,横浜市瀬谷区,中屋敷２丁目,2021/8/10,19,その他,駐車（輪）場,ナンバープレート
窃盗,部品ねらい,瀬谷,竹村町,141143,神奈川県,横浜市瀬谷区,本郷２丁目,2021/6/26,15,その他の住宅（３階建て以下共同住宅等）,駐車（輪）場,ナンバープレート
窃盗,部品ねらい,瀬谷,阿久和町,141143,神奈川県,横浜市瀬谷区,阿久和東２丁目,2021/11/27,20,駐車（輪）場,駐車（輪）場,ナンバープレート
窃盗,部品ねらい,瀬谷,阿久和町,141143,神奈川県,横浜市瀬谷区,阿久和東３丁目,2020/5/9,12,駐車（輪）場,駐車（輪）場,タイヤ・ホイール
窃盗,部品ねらい,瀬谷,阿久和町,141143,神奈川県,横浜市瀬谷区,阿久和西１丁目,2021/6/23,22,駐車（輪）場,駐車（輪）場,ナンバープレート
窃盗,部品ねらい,瀬谷,阿久和町,141143,神奈川県,横浜市瀬谷区,阿久和南２丁目,2021/1/10,11,４階建て以上共同住宅,駐車（輪）場,その他
窃盗,部品ねらい,瀬谷,阿久和町,141143,神奈川県,横浜市瀬谷区,阿久和南４丁目,2021/2/7,20,４階建て以上共同住宅,駐車（輪）場,その他
窃盗,部品ねらい,瀬谷,阿久和町,141143,神奈川県,横浜市瀬谷区,阿久和南４丁目,2021/5/10,13,４階建て以上共同住宅,駐車（輪）場,ナンバープレート
窃盗,部品ねらい,瀬谷,阿久和町,141143,神奈川県,横浜市瀬谷区,阿久和南４丁目,2021/6/28,19,４階建て以上共同住宅,駐車（輪）場,ナンバープレート
窃盗,部品ねらい,瀬谷,阿久和町,141143,神奈川県,横浜市瀬谷区,阿久和南４丁目,2021/9/2,12,４階建て以上共同住宅,駐車（輪）場,ナンバープレート
窃盗,部品ねらい,栄,上郷,141151,神奈川県,横浜市栄区,亀井町,2021/1/24,17,一戸建住宅,駐車（輪）場,ナンバープレート
窃盗,部品ねらい,栄,上郷,141151,神奈川県,横浜市栄区,公田町,2021/6/15,17,４階建て以上共同住宅,駐車（輪）場,その他
窃盗,部品ねらい,栄,上郷,141151,神奈川県,横浜市栄区,野七里１丁目,2021/4/8,19,４階建て以上共同住宅,駐車（輪）場,その他
窃盗,部品ねらい,栄,上郷,141151,神奈川県,横浜市栄区,桂台西１丁目,2021/8/20,8,４階建て以上共同住宅,駐車（輪）場,その他
窃盗,部品ねらい,栄,上郷,141151,神奈川県,横浜市栄区,桂台東,2021/6/28,19,４階建て以上共同住宅,駐車（輪）場,その他
窃盗,部品ねらい,栄,上郷,141151,神奈川県,横浜市栄区,桂台東,2021/9/1,12,４階建て以上共同住宅,駐車（輪）場,その他
窃盗,部品ねらい,栄,元大橋,141151,神奈川県,横浜市栄区,若竹町,2021/2/21,12,４階建て以上共同住宅,駐車（輪）場,その他
窃盗,部品ねらい,栄,元大橋,141151,神奈川県,横浜市栄区,鍛冶ケ谷１丁目,2021/9/11,2,その他の住宅（３階建て以下共同住宅等）,その他,その他
窃盗,部品ねらい,栄,田谷,141151,神奈川県,横浜市栄区,金井町,2021/1/20,15,その他,駐車（輪）場,ナンバープレート
窃盗,部品ねらい,栄,田谷,141151,神奈川県,横浜市栄区,田谷町,2021/2/24,18,その他,駐車（輪）場,ナンバープレート
窃盗,部品ねらい,栄,田谷,141151,神奈川県,横浜市栄区,長尾台町,2021/9/22,15,その他の住宅（３階建て以下共同住宅等）,駐車（輪）場,その他
窃盗,部品ねらい,栄,田谷,141151,神奈川県,横浜市栄区,長尾台町,2021/10/4,17,その他の住宅（３階建て以下共同住宅等）,駐車（輪）場,その他
窃盗,部品ねらい,栄,豊田,141151,神奈川県,横浜市栄区,飯島町,2021/1/4,18,駐車（輪）場,駐車（輪）場,ナンバープレート
窃盗,部品ねらい,栄,豊田,141151,神奈川県,横浜市栄区,飯島町,2021/6/4,19,駐車（輪）場,駐車（輪）場,ナンバープレート
窃盗,部品ねらい,栄,豊田,141151,神奈川県,横浜市栄区,飯島町,2021/12/22,16,４階建て以上共同住宅,駐車（輪）場,その他
窃盗,部品ねらい,青葉,すすき野,141178,神奈川県,横浜市青葉区,荏子田１丁目,2021/8/11,17,その他,駐車（輪）場,その他
窃盗,部品ねらい,青葉,たまプラーザ駅前,141178,神奈川県,横浜市青葉区,美しが丘４丁目,2021/4/3,23,その他の住宅（３階建て以下共同住宅等）,その他,ナンバープレート
窃盗,部品ねらい,青葉,市が尾駅前,141178,神奈川県,横浜市青葉区,市ケ尾町,2021/1/2,22,一戸建住宅,駐車（輪）場,タイヤ・ホイール
窃盗,部品ねらい,青葉,市が尾駅前,141178,神奈川県,横浜市青葉区,荏田北２丁目,2021/11/14,16,その他の住宅（３階建て以下共同住宅等）,駐車（輪）場,その他
窃盗,部品ねらい,青葉,荏田町,141178,神奈川県,横浜市青葉区,荏田北１丁目,2021/5/14,20,４階建て以上共同住宅,駐車（輪）場,ナンバープレート
窃盗,部品ねらい,青葉,荏田町,141178,神奈川県,横浜市青葉区,荏田町,2021/10/16,12,駐車（輪）場,駐車（輪）場,ナンバープレート
窃盗,部品ねらい,青葉,荏田町,141178,神奈川県,横浜市青葉区,荏田西２丁目,2021/10/19,18,その他の住宅（３階建て以下共同住宅等）,駐車（輪）場,ナンバープレート
窃盗,部品ねらい,青葉,荏田町,141178,神奈川県,横浜市青葉区,荏田西３丁目,2021/10/19,15,駐車（輪）場,駐車（輪）場,ナンバープレート
窃盗,部品ねらい,青葉,青葉台駅前,141178,神奈川県,横浜市青葉区,青葉台１丁目,2021/3/21,21,その他,駐車（輪）場,タイヤ・ホイール
窃盗,部品ねらい,青葉,青葉台駅前,141178,神奈川県,横浜市青葉区,榎が丘,2021/2/1,12,駐車（輪）場,駐車（輪）場,ナンバープレート
窃盗,部品ねらい,青葉,鴨志田,141178,神奈川県,横浜市青葉区,桂台２丁目,2020/12/29,20,一戸建住宅,駐車（輪）場,タイヤ・ホイール
窃盗,部品ねらい,青葉,鴨志田,141178,神奈川県,横浜市青葉区,鴨志田町,2021/8/9,19,一戸建住宅,駐車（輪）場,その他
窃盗,部品ねらい,青葉,鴨志田,141178,神奈川県,横浜市青葉区,鴨志田町,2021/11/10,23,４階建て以上共同住宅,駐車（輪）場,ナンバープレート
窃盗,部品ねらい,都筑,中川駅前,141186,神奈川県,横浜市都筑区,北山田５丁目,2021/2/18,17,４階建て以上共同住宅,駐車（輪）場,その他
窃盗,部品ねらい,都筑,中川駅前,141186,神奈川県,横浜市都筑区,すみれが丘,2021/10/5,21,４階建て以上共同住宅,駐車（輪）場,タイヤ・ホイール
窃盗,部品ねらい,都筑,中川駅前,141186,神奈川県,横浜市都筑区,中川１丁目,2021/4/22,15,４階建て以上共同住宅,駐車（輪）場,その他
窃盗,部品ねらい,都筑,仲町台駅前,141186,神奈川県,横浜市都筑区,仲町台４丁目,2020/12/18,15,駐車（輪）場,駐車（輪）場,ナンバープレート
窃盗,部品ねらい,都筑,北山田駅前,141186,神奈川県,横浜市都筑区,勝田町,2021/2/16,12,駐車（輪）場,駐車（輪）場,ナンバープレート
窃盗,部品ねらい,都筑,北山田駅前,141186,神奈川県,横浜市都筑区,北山田７丁目,2021/3/5,17,駐車（輪）場,駐車（輪）場,ナンバープレート
窃盗,部品ねらい,都筑,北山田駅前,141186,神奈川県,横浜市都筑区,早渕３丁目,2020/10/20,19,その他の住宅（３階建て以下共同住宅等）,駐車（輪）場,ナンバープレート
窃盗,部品ねらい,都筑,北山田駅前,141186,神奈川県,横浜市都筑区,東山田３丁目,2021/2/28,17,４階建て以上共同住宅,駐車（輪）場,ナンバープレート
窃盗,部品ねらい,都筑,北山田駅前,141186,神奈川県,横浜市都筑区,東山田町,2021/2/22,17,駐車（輪）場,駐車（輪）場,ナンバープレート
窃盗,部品ねらい,都筑,北山田駅前,141186,神奈川県,横浜市都筑区,東山田町,2021/2/22,18,駐車（輪）場,駐車（輪）場,ナンバープレート
窃盗,部品ねらい,都筑,川和,141186,神奈川県,横浜市都筑区,加賀原１丁目,2021/5/20,17,４階建て以上共同住宅,駐車（輪）場,タイヤ・ホイール
窃盗,部品ねらい,都筑,川和,141186,神奈川県,横浜市都筑区,見花山,2021/1/1,14,その他,駐車（輪）場,タイヤ・ホイール
窃盗,部品ねらい,都筑,折本町,141186,神奈川県,横浜市都筑区,川向町,2021/6/10,9,道路上,その他,ナンバープレート
窃盗,部品ねらい,都筑,折本町,141186,神奈川県,横浜市都筑区,東方町,2021/1/9,17,その他,駐車（輪）場,タイヤ・ホイール
窃盗,部品ねらい,都筑,池辺町,141186,神奈川県,横浜市都筑区,池辺町,2021/3/8,17,駐車（輪）場,駐車（輪）場,ナンバープレート
窃盗,部品ねらい,都筑,池辺町,141186,神奈川県,横浜市都筑区,池辺町,2021/6/5,16,駐車（輪）場,駐車（輪）場,なし
窃盗,部品ねらい,都筑,池辺町,141186,神奈川県,横浜市都筑区,池辺町,2021/9/27,19,その他,駐車（輪）場,その他
窃盗,部品ねらい,都筑,池辺町,141186,神奈川県,横浜市都筑区,池辺町,2021/9/28,12,駐車（輪）場,駐車（輪）場,その他
窃盗,部品ねらい,都筑,池辺町,141186,神奈川県,横浜市都筑区,池辺町,2021/10/11,19,その他,駐車（輪）場,その他
窃盗,部品ねらい,都筑,荏田東,141186,神奈川県,横浜市都筑区,荏田東２丁目,2021/1/29,16,その他,駐車（輪）場,タイヤ・ホイール
窃盗,部品ねらい,都筑,荏田東,141186,神奈川県,横浜市都筑区,荏田東２丁目,2021/10/13,14,その他,駐車（輪）場,ナンバープレート
窃盗,部品ねらい,麻生,岡上,141372,神奈川県,川崎市麻生区,岡上,2021/9/30,0,その他の住宅（３階建て以下共同住宅等）,駐車（輪）場,ナンバープレート
窃盗,部品ねらい,麻生,東柿生,141372,神奈川県,川崎市麻生区,早野,2021/4/13,12,一戸建住宅,駐車（輪）場,ナンバープレート
窃盗,部品ねらい,麻生,柿生,141372,神奈川県,川崎市麻生区,上麻生７丁目,2021/2/12,9,一戸建住宅,駐車（輪）場,ナンバープレート
窃盗,部品ねらい,麻生,百合丘,141372,神奈川県,川崎市麻生区,百合丘１丁目,2021/9/3,9,駐車（輪）場,駐車（輪）場,その他
窃盗,部品ねらい,麻生,百合丘,141372,神奈川県,川崎市麻生区,百合丘２丁目,2021/7/12,6,駐車（輪）場,駐車（輪）場,その他
窃盗,部品ねらい,麻生,細山,141372,神奈川県,川崎市麻生区,多摩美２丁目,2021/10/15,14,一戸建住宅,駐車（輪）場,ナンバープレート
窃盗,部品ねらい,川崎,中島町,141313,神奈川県,川崎市川崎区,旭町２丁目,2021/1/30,4,駐車（輪）場,駐車（輪）場,なし
窃盗,部品ねらい,川崎,中島町,141313,神奈川県,川崎市川崎区,伊勢町,2021/6/14,22,４階建て以上共同住宅,駐車（輪）場,その他
窃盗,部品ねらい,川崎,中島町,141313,神奈川県,川崎市川崎区,中島２丁目,2021/1/30,13,駐車（輪）場,駐車（輪）場,ナンバープレート
窃盗,部品ねらい,川崎,中島町,141313,神奈川県,川崎市川崎区,中島３丁目,2019/12/1,12,駐車（輪）場,駐車（輪）場,ナンバープレート
窃盗,部品ねらい,川崎,京町通,141313,神奈川県,川崎市川崎区,京町１丁目,2021/2/6,20,その他の住宅（３階建て以下共同住宅等）,駐車（輪）場,ナンバープレート
窃盗,部品ねらい,川崎,南町,141313,神奈川県,川崎市川崎区,貝塚１丁目,2021/8/10,19,その他の住宅（３階建て以下共同住宅等）,その他,その他
窃盗,部品ねらい,川崎,南町,141313,神奈川県,川崎市川崎区,堤根,2021/10/16,10,その他,駐車（輪）場,その他
窃盗,部品ねらい,川崎,南町,141313,神奈川県,川崎市川崎区,東田町,2021/6/23,10,道路上,その他,その他
窃盗,部品ねらい,川崎,南町,141313,神奈川県,川崎市川崎区,南町,2021/7/12,17,４階建て以上共同住宅,駐車（輪）場,その他
窃盗,部品ねらい,川崎,大師駅前,141313,神奈川県,川崎市川崎区,中瀬３丁目,2021/1/4,0,駐車（輪）場,駐車（輪）場,ナンバープレート
窃盗,部品ねらい,川崎,大師駅前,141313,神奈川県,川崎市川崎区,中瀬３丁目,2021/6/17,12,４階建て以上共同住宅,駐車（輪）場,その他
窃盗,部品ねらい,川崎,大師駅前,141313,神奈川県,川崎市川崎区,中瀬３丁目,2021/9/20,22,駐車（輪）場,駐車（輪）場,ナンバープレート
窃盗,部品ねらい,川崎,小田,141313,神奈川県,川崎市川崎区,小田５丁目,2021/3/13,11,駐車（輪）場,駐車（輪）場,その他
窃盗,部品ねらい,川崎,小田,141313,神奈川県,川崎市川崎区,小田栄１丁目,2021/11/25,17,一戸建住宅,その他,その他
窃盗,部品ねらい,川崎,川崎駅前,141313,神奈川県,川崎市川崎区,駅前本町,2021/1/26,18,その他,その他,ナンバープレート
窃盗,部品ねらい,川崎,川崎駅前,141313,神奈川県,川崎市川崎区,小川町,2021/5/14,21,駐車（輪）場,駐車（輪）場,ナンバープレート
窃盗,部品ねらい,川崎,川崎駅前,141313,神奈川県,川崎市川崎区,日進町,2021/11/17,5,駐車（輪）場,駐車（輪）場,ナンバープレート
窃盗,部品ねらい,川崎,川崎駅前,141313,神奈川県,川崎市川崎区,本町１丁目,2021/4/24,0,駐車（輪）場,駐車（輪）場,ナンバープレート
窃盗,部品ねらい,川崎,浅田,141313,神奈川県,川崎市川崎区,浅田３丁目,2021/3/30,13,一戸建住宅,駐車（輪）場,ナンバープレート
窃盗,部品ねらい,川崎,浅田,141313,神奈川県,川崎市川崎区,浅田３丁目,2021/11/17,21,駐車（輪）場,駐車（輪）場,ナンバープレート
窃盗,部品ねらい,川崎,浅田,141313,神奈川県,川崎市川崎区,浅田４丁目,2021/2/5,18,駐車（輪）場,駐車（輪）場,ナンバープレート
窃盗,部品ねらい,川崎,浅田,141313,神奈川県,川崎市川崎区,浅田４丁目,2021/10/10,9,４階建て以上共同住宅,駐車（輪）場,その他
窃盗,部品ねらい,川崎,渡田,141313,神奈川県,川崎市川崎区,渡田２丁目,2021/5/20,20,その他の住宅（３階建て以下共同住宅等）,駐車（輪）場,その他
窃盗,部品ねらい,川崎臨港,出来野,141313,神奈川県,川崎市川崎区,観音１丁目,2021/5/1,17,駐車（輪）場,駐車（輪）場,ナンバープレート
窃盗,部品ねらい,川崎臨港,出来野,141313,神奈川県,川崎市川崎区,昭和２丁目,2021/1/16,9,その他の住宅（３階建て以下共同住宅等）,駐車（輪）場,その他
窃盗,部品ねらい,川崎臨港,出来野,141313,神奈川県,川崎市川崎区,昭和２丁目,2021/2/5,1,その他,駐車（輪）場,ナンバープレート
窃盗,部品ねらい,川崎臨港,出来野,141313,神奈川県,川崎市川崎区,田町３丁目,2021/1/11,14,その他の住宅（３階建て以下共同住宅等）,駐車（輪）場,ナンバープレート
窃盗,部品ねらい,川崎臨港,出来野,141313,神奈川県,川崎市川崎区,殿町１丁目,2021/11/10,18,駐車（輪）場,駐車（輪）場,ナンバープレート
窃盗,部品ねらい,川崎臨港,出来野,141313,神奈川県,川崎市川崎区,殿町１丁目,2021/11/10,19,駐車（輪）場,駐車（輪）場,ナンバープレート
窃盗,部品ねらい,川崎臨港,出来野,141313,神奈川県,川崎市川崎区,四谷上町,2021/5/27,11,駐車（輪）場,駐車（輪）場,ナンバープレート
窃盗,部品ねらい,川崎臨港,殿町,141313,神奈川県,川崎市川崎区,千鳥町,2021/1/8,17,駐車（輪）場,駐車（輪）場,その他
窃盗,部品ねらい,川崎臨港,殿町,141313,神奈川県,川崎市川崎区,東扇島,2021/2/5,17,その他,駐車（輪）場,ナンバープレート
窃盗,部品ねらい,川崎臨港,浜町,141313,神奈川県,川崎市川崎区,池上町,2021/9/19,23,その他の住宅（３階建て以下共同住宅等）,その他,ナンバープレート
窃盗,部品ねらい,川崎臨港,浜町,141313,神奈川県,川崎市川崎区,桜本２丁目,2021/5/15,15,道路上,その他,ナンバープレート
窃盗,部品ねらい,川崎臨港,浜町,141313,神奈川県,川崎市川崎区,浜町１丁目,2021/1/26,21,一戸建住宅,駐車（輪）場,ナンバープレート
窃盗,部品ねらい,川崎臨港,鋼管通,141313,神奈川県,川崎市川崎区,小田栄２丁目,2021/1/12,17,その他,駐車（輪）場,その他
窃盗,部品ねらい,川崎臨港,鋼管通,141313,神奈川県,川崎市川崎区,小田栄２丁目,2021/3/5,18,その他,駐車（輪）場,ナンバープレート
窃盗,部品ねらい,川崎臨港,鋼管通,141313,神奈川県,川崎市川崎区,小田栄２丁目,2021/5/16,16,その他,駐車（輪）場,ナンバープレート
窃盗,部品ねらい,川崎臨港,鋼管通,141313,神奈川県,川崎市川崎区,小田栄２丁目,2021/12/23,18,その他,駐車（輪）場,ナンバープレート
窃盗,部品ねらい,川崎臨港,鋼管通,141313,神奈川県,川崎市川崎区,田島町,2021/8/21,15,その他,駐車（輪）場,ナンバープレート
窃盗,部品ねらい,中原,丸子橋,141330,神奈川県,川崎市中原区,丸子通１丁目,2021/5/16,17,４階建て以上共同住宅,駐車（輪）場,ナンバープレート
窃盗,部品ねらい,中原,木月,141330,神奈川県,川崎市中原区,木月伊勢町,2021/12/4,7,駐車（輪）場,駐車（輪）場,その他
窃盗,部品ねらい,中原,武蔵中原駅前,141330,神奈川県,川崎市中原区,今井西町,2021/5/8,16,４階建て以上共同住宅,駐車（輪）場,その他
窃盗,部品ねらい,中原,武蔵中原駅前,141330,神奈川県,川崎市中原区,上小田中６丁目,2021/7/19,7,駐車（輪）場,駐車（輪）場,その他
窃盗,部品ねらい,中原,武蔵小杉駅前,141330,神奈川県,川崎市中原区,新丸子東３丁目,2021/7/28,18,その他,駐車（輪）場,その他
窃盗,部品ねらい,中原,武蔵小杉駅前,141330,神奈川県,川崎市中原区,新丸子東３丁目,2021/10/9,12,駐車（輪）場,駐車（輪）場,その他
窃盗,部品ねらい,中原,武蔵新城駅前,141330,神奈川県,川崎市中原区,上小田中２丁目,2021/8/19,22,４階建て以上共同住宅,その他,ナンバープレート
窃盗,部品ねらい,中原,武蔵新城駅前,141330,神奈川県,川崎市中原区,下新城３丁目,2021/11/7,17,駐車（輪）場,駐車（輪）場,ナンバープレート
窃盗,部品ねらい,中原,武蔵新城駅前,141330,神奈川県,川崎市中原区,新城中町,2021/10/14,1,４階建て以上共同住宅,駐車（輪）場,その他
窃盗,部品ねらい,高津,千年,141348,神奈川県,川崎市高津区,子母口,2020/12/1,8,一戸建住宅,駐車（輪）場,その他
窃盗,部品ねらい,高津,末長,141348,神奈川県,川崎市高津区,梶ケ谷５丁目,2021/3/5,1,駐車（輪）場,駐車（輪）場,ナンバープレート
窃盗,部品ねらい,高津,末長,141348,神奈川県,川崎市高津区,新作２丁目,2019/6/1,13,４階建て以上共同住宅,駐車（輪）場,ナンバープレート
窃盗,部品ねらい,高津,津田山駅前,141348,神奈川県,川崎市高津区,久地４丁目,2021/2/28,18,その他,駐車（輪）場,タイヤ・ホイール
窃盗,部品ねらい,高津,津田山駅前,141348,神奈川県,川崎市高津区,下作延５丁目,2021/7/21,17,その他,その他,ナンバープレート
窃盗,部品ねらい,高津,溝口駅前,141348,神奈川県,川崎市高津区,下作延２丁目,2021/5/29,15,４階建て以上共同住宅,駐車（輪）場,ナンバープレート
窃盗,部品ねらい,高津,溝口駅前,141348,神奈川県,川崎市高津区,下作延４丁目,2021/9/23,16,駐車（輪）場,駐車（輪）場,その他
窃盗,部品ねらい,高津,溝口駅前,141348,神奈川県,川崎市高津区,久本１丁目,2021/5/24,19,４階建て以上共同住宅,駐車（輪）場,その他
窃盗,部品ねらい,高津,溝口駅前,141348,神奈川県,川崎市高津区,溝口１丁目,2021/2/28,12,その他,駐車（輪）場,その他
窃盗,部品ねらい,多摩,中野島,141356,神奈川県,川崎市多摩区,中野島４丁目,2021/4/14,14,一戸建住宅,駐車（輪）場,ナンバープレート
窃盗,部品ねらい,多摩,向ヶ丘遊園駅前,141356,神奈川県,川崎市多摩区,東生田４丁目,2021/8/31,21,駐車（輪）場,駐車（輪）場,ナンバープレート
窃盗,部品ねらい,多摩,宿河原,141356,神奈川県,川崎市多摩区,長尾４丁目,2021/1/23,15,駐車（輪）場,駐車（輪）場,ナンバープレート
窃盗,部品ねらい,多摩,宿河原,141356,神奈川県,川崎市多摩区,長尾６丁目,2021/9/22,15,駐車（輪）場,駐車（輪）場,ナンバープレート
窃盗,部品ねらい,多摩,生田,141356,神奈川県,川崎市多摩区,生田１丁目,2021/2/24,0,駐車（輪）場,駐車（輪）場,タイヤ・ホイール
窃盗,部品ねらい,多摩,生田,141356,神奈川県,川崎市多摩区,生田３丁目,2021/4/9,22,その他の住宅（３階建て以下共同住宅等）,駐車（輪）場,その他
窃盗,部品ねらい,多摩,生田,141356,神奈川県,川崎市多摩区,三田１丁目,2021/1/13,18,駐車（輪）場,駐車（輪）場,その他
窃盗,部品ねらい,多摩,生田,141356,神奈川県,川崎市多摩区,三田２丁目,2021/4/1,23,その他の住宅（３階建て以下共同住宅等）,駐車（輪）場,ナンバープレート
窃盗,部品ねらい,多摩,登戸駅前,141356,神奈川県,川崎市多摩区,登戸,2021/1/31,12,４階建て以上共同住宅,駐車（輪）場,その他
窃盗,部品ねらい,多摩,菅,141356,神奈川県,川崎市多摩区,菅稲田堤２丁目,2021/2/9,14,その他の住宅（３階建て以下共同住宅等）,駐車（輪）場,ナンバープレート
窃盗,部品ねらい,多摩,長沢,141356,神奈川県,川崎市多摩区,生田７丁目,2021/7/8,17,道路上,その他,ナンバープレート
窃盗,部品ねらい,多摩,長沢,141356,神奈川県,川崎市多摩区,栗谷２丁目,2021/1/7,20,その他の住宅（３階建て以下共同住宅等）,駐車（輪）場,なし
窃盗,部品ねらい,多摩,長沢,141356,神奈川県,川崎市多摩区,長沢１丁目,2021/8/4,15,その他の住宅（３階建て以下共同住宅等）,駐車（輪）場,その他
窃盗,部品ねらい,幸,北加瀬,141321,神奈川県,川崎市幸区,北加瀬３丁目,2021/7/9,11,駐車（輪）場,駐車（輪）場,ナンバープレート
窃盗,部品ねらい,幸,南加瀬,141321,神奈川県,川崎市幸区,小倉５丁目,2021/3/25,23,その他の住宅（３階建て以下共同住宅等）,駐車（輪）場,ナンバープレート
窃盗,部品ねらい,幸,古市場,141321,神奈川県,川崎市幸区,東古市場,2021/6/2,8,一戸建住宅,その他,ナンバープレート
窃盗,部品ねらい,幸,古市場,141321,神奈川県,川崎市幸区,東古市場,2021/9/12,9,道路上,その他,ナンバープレート
窃盗,部品ねらい,幸,古市場,141321,神奈川県,川崎市幸区,古市場１丁目,2021/10/24,16,一戸建住宅,その他,その他
窃盗,部品ねらい,幸,古市場,141321,神奈川県,川崎市幸区,古市場２丁目,2021/11/26,16,道路上,その他,ナンバープレート
窃盗,部品ねらい,幸,小向東芝町,141321,神奈川県,川崎市幸区,小向仲野町,2020/12/22,16,駐車（輪）場,駐車（輪）場,ナンバープレート
窃盗,部品ねらい,幸,小向東芝町,141321,神奈川県,川崎市幸区,戸手２丁目,2021/6/3,1,その他の住宅（３階建て以下共同住宅等）,駐車（輪）場,その他
窃盗,部品ねらい,幸,川崎駅西口,141321,神奈川県,川崎市幸区,堀川町,2021/9/29,7,その他,駐車（輪）場,その他
窃盗,部品ねらい,幸,日吉,141321,神奈川県,川崎市幸区,小倉２丁目,2021/7/24,13,その他の住宅（３階建て以下共同住宅等）,その他,ナンバープレート
窃盗,部品ねらい,幸,日吉,141321,神奈川県,川崎市幸区,小倉３丁目,2021/11/16,7,４階建て以上共同住宅,駐車（輪）場,ナンバープレート
窃盗,部品ねらい,幸,日吉,141321,神奈川県,川崎市幸区,南加瀬４丁目,2021/7/21,11,４階建て以上共同住宅,駐車（輪）場,ナンバープレート
窃盗,部品ねらい,幸,河原町,141321,神奈川県,川崎市幸区,河原町,2021/12/8,18,４階建て以上共同住宅,駐車（輪）場,ナンバープレート
窃盗,部品ねらい,宮前,宮前平駅前,141364,神奈川県,川崎市宮前区,土橋５丁目,2021/6/10,14,４階建て以上共同住宅,駐車（輪）場,ナンバープレート
窃盗,部品ねらい,宮前,有馬,141364,神奈川県,川崎市宮前区,有馬３丁目,2021/10/17,18,その他の住宅（３階建て以下共同住宅等）,駐車（輪）場,ナンバープレート
窃盗,部品ねらい,宮前,有馬,141364,神奈川県,川崎市宮前区,東有馬２丁目,2021/3/26,21,駐車（輪）場,駐車（輪）場,ナンバープレート
窃盗,部品ねらい,宮前,有馬,141364,神奈川県,川崎市宮前区,東有馬４丁目,2021/3/4,12,その他の住宅（３階建て以下共同住宅等）,駐車（輪）場,ナンバープレート
窃盗,部品ねらい,宮前,神木,141364,神奈川県,川崎市宮前区,平２丁目,2021/12/23,18,４階建て以上共同住宅,その他,その他
窃盗,部品ねらい,宮前,蔵敷,141364,神奈川県,川崎市宮前区,初山１丁目,2021/6/15,17,一戸建住宅,駐車（輪）場,ナンバープレート
窃盗,部品ねらい,宮前,蔵敷,141364,神奈川県,川崎市宮前区,初山１丁目,2021/9/2,18,駐車（輪）場,駐車（輪）場,ナンバープレート
窃盗,部品ねらい,宮前,野川,141364,神奈川県,川崎市宮前区,西野川１丁目,2021/10/29,8,その他,駐車（輪）場,タイヤ・ホイール
窃盗,部品ねらい,宮前,野川,141364,神奈川県,川崎市宮前区,西野川１丁目,2021/11/1,6,一戸建住宅,駐車（輪）場,ナンバープレート
窃盗,部品ねらい,宮前,野川,141364,神奈川県,川崎市宮前区,西野川２丁目,2021/3/26,20,駐車（輪）場,駐車（輪）場,ナンバープレート
窃盗,部品ねらい,宮前,野川,141364,神奈川県,川崎市宮前区,西野川３丁目,2021/3/20,18,駐車（輪）場,駐車（輪）場,ナンバープレート
窃盗,部品ねらい,宮前,鷺沼駅前,141364,神奈川県,川崎市宮前区,小台１丁目,2021/8/4,18,４階建て以上共同住宅,駐車（輪）場,その他
窃盗,部品ねらい,横須賀,三春町三丁目,142018,神奈川県,横須賀市,三春町２丁目,2021/2/7,15,その他の住宅（３階建て以下共同住宅等）,駐車（輪）場,ナンバープレート
窃盗,部品ねらい,横須賀,三春町三丁目,142018,神奈川県,横須賀市,三春町４丁目,2021/1/21,21,４階建て以上共同住宅,駐車（輪）場,ナンバープレート
窃盗,部品ねらい,横須賀,中央駅前,142018,神奈川県,横須賀市,上町２丁目,2021/2/21,21,４階建て以上共同住宅,駐車（輪）場,ナンバープレート
窃盗,部品ねらい,横須賀,公郷町,142018,神奈川県,横須賀市,公郷町６丁目,2021/9/28,16,４階建て以上共同住宅,駐車（輪）場,ナンバープレート
窃盗,部品ねらい,横須賀,公郷町,142018,神奈川県,横須賀市,小矢部１丁目,2021/1/28,11,その他,駐車（輪）場,ナンバープレート
窃盗,部品ねらい,横須賀,坂本町,142018,神奈川県,横須賀市,坂本町３丁目,2021/2/5,13,駐車（輪）場,駐車（輪）場,ナンバープレート
窃盗,部品ねらい,横須賀,坂本町,142018,神奈川県,横須賀市,鶴が丘１丁目,2021/1/25,14,一戸建住宅,駐車（輪）場,ナンバープレート
窃盗,部品ねらい,横須賀,安浦町,142018,神奈川県,横須賀市,富士見町１丁目,2021/1/25,18,その他の住宅（３階建て以下共同住宅等）,駐車（輪）場,ナンバープレート
窃盗,部品ねらい,横須賀,安浦町,142018,神奈川県,横須賀市,三春町１丁目,2021/2/14,18,駐車（輪）場,駐車（輪）場,ナンバープレート
窃盗,部品ねらい,横須賀,安浦町,142018,神奈川県,横須賀市,三春町１丁目,2021/8/19,16,その他,その他,その他
窃盗,部品ねらい,横須賀,安浦町,142018,神奈川県,横須賀市,安浦町２丁目,2021/1/29,11,４階建て以上共同住宅,駐車（輪）場,ナンバープレート
窃盗,部品ねらい,横須賀,安浦町,142018,神奈川県,横須賀市,平成町１丁目,2021/7/4,18,４階建て以上共同住宅,駐車（輪）場,ナンバープレート
窃盗,部品ねらい,横須賀,本町,142018,神奈川県,横須賀市,汐入町１丁目,2021/12/3,18,４階建て以上共同住宅,駐車（輪）場,ナンバープレート
窃盗,部品ねらい,横須賀,森崎町,142018,神奈川県,横須賀市,大矢部３丁目,2021/8/23,15,駐車（輪）場,駐車（輪）場,ナンバープレート
窃盗,部品ねらい,横須賀,森崎町,142018,神奈川県,横須賀市,大矢部３丁目,2021/8/23,20,駐車（輪）場,駐車（輪）場,ナンバープレート
窃盗,部品ねらい,横須賀,森崎町,142018,神奈川県,横須賀市,大矢部５丁目,2021/12/4,17,その他の住宅（３階建て以下共同住宅等）,駐車（輪）場,ナンバープレート
窃盗,部品ねらい,横須賀,森崎町,142018,神奈川県,横須賀市,森崎２丁目,2021/11/29,19,一戸建住宅,駐車（輪）場,ナンバープレート
窃盗,部品ねらい,横須賀,武山,142018,神奈川県,横須賀市,太田和１丁目,2021/6/4,17,一戸建住宅,駐車（輪）場,ナンバープレート
窃盗,部品ねらい,横須賀,池上,142018,神奈川県,横須賀市,池上７丁目,2021/6/16,13,一戸建住宅,駐車（輪）場,ナンバープレート
窃盗,部品ねらい,横須賀,衣笠駅前,142018,神奈川県,横須賀市,衣笠栄町１丁目,2021/1/27,16,駐車（輪）場,駐車（輪）場,ナンバープレート
窃盗,部品ねらい,横須賀,衣笠駅前,142018,神奈川県,横須賀市,衣笠栄町１丁目,2021/7/13,18,４階建て以上共同住宅,駐車（輪）場,なし
窃盗,部品ねらい,横須賀,衣笠駅前,142018,神奈川県,横須賀市,衣笠栄町３丁目,2021/11/29,15,駐車（輪）場,駐車（輪）場,ナンバープレート
窃盗,部品ねらい,横須賀,衣笠駅前,142018,神奈川県,横須賀市,汐見台１丁目,2021/8/1,18,４階建て以上共同住宅,駐車（輪）場,ナンバープレート
窃盗,部品ねらい,横須賀,衣笠駅前,142018,神奈川県,横須賀市,汐見台１丁目,2021/9/21,16,４階建て以上共同住宅,駐車（輪）場,ナンバープレート
窃盗,部品ねらい,横須賀,衣笠駅前,142018,神奈川県,横須賀市,汐見台３丁目,2021/12/20,12,駐車（輪）場,駐車（輪）場,ナンバープレート
窃盗,部品ねらい,横須賀,衣笠駅前,142018,神奈川県,横須賀市,平作６丁目,2021/6/28,17,その他の住宅（３階建て以下共同住宅等）,駐車（輪）場,その他
窃盗,部品ねらい,横須賀,逸見駅前,142018,神奈川県,横須賀市,西逸見町２丁目,2021/1/24,23,駐車（輪）場,駐車（輪）場,ナンバープレート
窃盗,部品ねらい,田浦,浦郷町,142018,神奈川県,横須賀市,浦郷町４丁目,2021/2/3,19,一戸建住宅,駐車（輪）場,ナンバープレート
窃盗,部品ねらい,田浦,浦郷町,142018,神奈川県,横須賀市,追浜東町１丁目,2021/8/31,17,４階建て以上共同住宅,その他,その他
窃盗,部品ねらい,田浦,追浜駅前,142018,神奈川県,横須賀市,追浜町３丁目,2021/9/1,9,駐車（輪）場,駐車（輪）場,その他
窃盗,部品ねらい,浦賀,かもめ団地,142018,神奈川県,横須賀市,鴨居２丁目,2021/9/21,11,４階建て以上共同住宅,駐車（輪）場,ナンバープレート
窃盗,部品ねらい,浦賀,久里浜,142018,神奈川県,横須賀市,内川１丁目,2021/2/16,18,駐車（輪）場,駐車（輪）場,ナンバープレート
窃盗,部品ねらい,浦賀,浦賀地区,142018,神奈川県,横須賀市,鴨居２丁目,2021/12/24,17,駐車（輪）場,駐車（輪）場,ナンバープレート
窃盗,部品ねらい,浦賀,浦賀地区,142018,神奈川県,横須賀市,浦賀３丁目,2021/4/23,19,道路上,その他,ナンバープレート
窃盗,部品ねらい,浦賀,浦賀地区,142018,神奈川県,横須賀市,浦賀３丁目,2021/10/8,4,道路上,その他,ナンバープレート
窃盗,部品ねらい,浦賀,浦賀地区,142018,神奈川県,横須賀市,浦賀５丁目,2021/5/30,13,一戸建住宅,駐車（輪）場,ナンバープレート
窃盗,部品ねらい,浦賀,野比,142018,神奈川県,横須賀市,野比１丁目,2021/9/15,10,その他,駐車（輪）場,その他
窃盗,部品ねらい,浦賀,長沢,142018,神奈川県,横須賀市,長沢２丁目,2021/9/19,16,一戸建住宅,駐車（輪）場,ナンバープレート
窃盗,部品ねらい,浦賀,馬堀,142018,神奈川県,横須賀市,馬堀町４丁目,2021/1/25,16,駐車（輪）場,駐車（輪）場,ナンバープレート
窃盗,部品ねらい,藤沢北,六会日大駅前,142051,神奈川県,藤沢市,亀井野３丁目,2017/4/15,19,その他の住宅（３階建て以下共同住宅等）,駐車（輪）場,ナンバープレート
窃盗,部品ねらい,藤沢北,六会日大駅前,142051,神奈川県,藤沢市,亀井野３丁目,2021/5/10,10,その他,駐車（輪）場,ナンバープレート
窃盗,部品ねらい,藤沢北,善行,142051,神奈川県,藤沢市,善行３丁目,2021/6/6,23,道路上,その他,ナンバープレート
窃盗,部品ねらい,藤沢北,善行,142051,神奈川県,藤沢市,善行６丁目,2021/1/25,16,その他,駐車（輪）場,その他
窃盗,部品ねらい,藤沢北,善行,142051,神奈川県,藤沢市,善行団地,2021/3/1,11,４階建て以上共同住宅,駐車（輪）場,ナンバープレート
窃盗,部品ねらい,藤沢北,善行,142051,神奈川県,藤沢市,善行団地,2021/11/25,19,４階建て以上共同住宅,駐車（輪）場,ナンバープレート
窃盗,部品ねらい,藤沢北,御所見,142051,神奈川県,藤沢市,獺郷,2021/8/29,16,その他,駐車（輪）場,ナンバープレート
窃盗,部品ねらい,藤沢北,御所見,142051,神奈川県,藤沢市,葛原,2021/6/9,18,駐車（輪）場,駐車（輪）場,ナンバープレート
窃盗,部品ねらい,藤沢北,御所見,142051,神奈川県,藤沢市,菖蒲沢,2021/11/6,16,駐車（輪）場,駐車（輪）場,ナンバープレート
窃盗,部品ねらい,藤沢北,御所見,142051,神奈川県,藤沢市,用田,2021/4/23,5,駐車（輪）場,駐車（輪）場,タイヤ・ホイール
窃盗,部品ねらい,藤沢北,湘南ライフタウン,142051,神奈川県,藤沢市,遠藤,2019/4/7,15,４階建て以上共同住宅,駐車（輪）場,ナンバープレート
窃盗,部品ねらい,藤沢北,湘南ライフタウン,142051,神奈川県,藤沢市,遠藤,2021/6/10,16,駐車（輪）場,駐車（輪）場,ナンバープレート
窃盗,部品ねらい,藤沢北,湘南ライフタウン,142051,神奈川県,藤沢市,遠藤,2021/11/1,0,駐車（輪）場,駐車（輪）場,その他
窃盗,部品ねらい,藤沢北,湘南ライフタウン,142051,神奈川県,藤沢市,大庭,2021/2/20,16,その他の住宅（３階建て以下共同住宅等）,駐車（輪）場,タイヤ・ホイール
窃盗,部品ねらい,藤沢北,湘南ライフタウン,142051,神奈川県,藤沢市,大庭,2021/6/5,19,４階建て以上共同住宅,駐車（輪）場,ナンバープレート
窃盗,部品ねらい,藤沢北,湘南ライフタウン,142051,神奈川県,藤沢市,大庭,2021/8/4,15,一戸建住宅,駐車（輪）場,ナンバープレート
窃盗,部品ねらい,藤沢北,湘南台駅東口,142051,神奈川県,藤沢市,今田,2020/12/29,18,その他の住宅（３階建て以下共同住宅等）,その他,ナンバープレート
窃盗,部品ねらい,藤沢北,湘南台駅西口,142051,神奈川県,藤沢市,桐原町,2021/11/7,17,道路上,その他,ナンバープレート
窃盗,部品ねらい,藤沢北,湘南台駅西口,142051,神奈川県,藤沢市,湘南台２丁目,2021/4/28,14,駐車（輪）場,駐車（輪）場,ナンバープレート
窃盗,部品ねらい,藤沢北,石川,142051,神奈川県,藤沢市,石川,2021/11/11,13,駐車（輪）場,駐車（輪）場,タイヤ・ホイール
窃盗,部品ねらい,藤沢北,石川,142051,神奈川県,藤沢市,石川２丁目,2021/5/7,19,４階建て以上共同住宅,駐車（輪）場,ナンバープレート
窃盗,部品ねらい,藤沢北,石川,142051,神奈川県,藤沢市,石川４丁目,2021/11/3,18,一戸建住宅,駐車（輪）場,ナンバープレート
窃盗,部品ねらい,藤沢北,石川,142051,神奈川県,藤沢市,菖蒲沢,2021/7/5,19,４階建て以上共同住宅,駐車（輪）場,ナンバープレート
窃盗,部品ねらい,藤沢北,長後駅前,142051,神奈川県,藤沢市,下土棚,2021/2/23,15,一戸建住宅,駐車（輪）場,ナンバープレート
窃盗,部品ねらい,藤沢北,長後駅前,142051,神奈川県,藤沢市,下土棚,2021/8/11,0,その他,駐車（輪）場,ナンバープレート
窃盗,部品ねらい,藤沢北,長後駅前,142051,神奈川県,藤沢市,高倉,2021/2/3,18,その他の住宅（３階建て以下共同住宅等）,駐車（輪）場,タイヤ・ホイール
窃盗,部品ねらい,藤沢北,長後駅前,142051,神奈川県,藤沢市,高倉,2021/7/15,19,駐車（輪）場,駐車（輪）場,ナンバープレート
窃盗,部品ねらい,藤沢北,長後駅前,142051,神奈川県,藤沢市,高倉,2021/8/8,21,その他,駐車（輪）場,ナンバープレート
窃盗,部品ねらい,藤沢北,長後駅前,142051,神奈川県,藤沢市,長後,2021/1/18,20,４階建て以上共同住宅,駐車（輪）場,その他
窃盗,部品ねらい,藤沢北,長後駅前,142051,神奈川県,藤沢市,長後,2021/2/14,18,４階建て以上共同住宅,駐車（輪）場,タイヤ・ホイール
窃盗,部品ねらい,藤沢北,長後駅前,142051,神奈川県,藤沢市,長後,2021/2/15,20,その他,駐車（輪）場,ナンバープレート
窃盗,部品ねらい,藤沢北,長後駅前,142051,神奈川県,藤沢市,長後,2021/3/5,17,その他,駐車（輪）場,ナンバープレート
窃盗,部品ねらい,藤沢北,長後駅前,142051,神奈川県,藤沢市,長後,2021/3/15,12,その他の住宅（３階建て以下共同住宅等）,駐車（輪）場,ナンバープレート
窃盗,部品ねらい,藤沢北,長後駅前,142051,神奈川県,藤沢市,長後,2021/4/18,14,一戸建住宅,駐車（輪）場,ナンバープレート
窃盗,部品ねらい,藤沢北,長後駅前,142051,神奈川県,藤沢市,長後,2021/9/2,19,駐車（輪）場,駐車（輪）場,ナンバープレート
窃盗,部品ねらい,三崎,三崎口駅前,142107,神奈川県,三浦市,初声町下宮田,2021/4/12,19,一戸建住宅,駐車（輪）場,ナンバープレート
窃盗,部品ねらい,三崎,初声,142107,神奈川県,三浦市,初声町和田,2021/1/16,15,駐車（輪）場,駐車（輪）場,ナンバープレート
窃盗,部品ねらい,三崎,金田,142107,神奈川県,三浦市,南下浦町金田,2021/10/21,15,一戸建住宅,駐車（輪）場,ナンバープレート
窃盗,部品ねらい,葉山,堀内,143014,神奈川県,葉山町,一色,2021/8/23,17,駐車（輪）場,駐車（輪）場,ナンバープレート
窃盗,部品ねらい,葉山,長柄東,143014,神奈川県,葉山町,長柄,2021/3/17,19,一戸建住宅,駐車（輪）場,ナンバープレート
窃盗,部品ねらい,逗子,久木,142085,神奈川県,逗子市,久木２丁目,2021/1/23,18,駐車（輪）場,駐車（輪）場,ナンバープレート
窃盗,部品ねらい,逗子,沼間,142085,神奈川県,逗子市,沼間５丁目,2021/6/10,16,駐車（輪）場,駐車（輪）場,ナンバープレート
窃盗,部品ねらい,鎌倉,深沢,142042,神奈川県,鎌倉市,手広２丁目,2021/5/9,18,駐車（輪）場,駐車（輪）場,ナンバープレート
窃盗,部品ねらい,大船,大船駅前,142042,神奈川県,鎌倉市,大船１丁目,2021/1/18,7,駐車（輪）場,駐車（輪）場,ナンバープレート
窃盗,部品ねらい,大船,玉縄,142042,神奈川県,鎌倉市,岡本２丁目,2021/10/20,7,駐車（輪）場,駐車（輪）場,その他
窃盗,部品ねらい,藤沢,川名,142051,神奈川県,藤沢市,宮前,2021/1/18,11,一戸建住宅,駐車（輪）場,ナンバープレート
窃盗,部品ねらい,藤沢,川名,142051,神奈川県,藤沢市,村岡東２丁目,2021/7/15,18,駐車（輪）場,駐車（輪）場,ナンバープレート
窃盗,部品ねらい,藤沢,本町白旗,142051,神奈川県,藤沢市,藤沢４丁目,2021/10/21,15,駐車（輪）場,駐車（輪）場,その他
窃盗,部品ねらい,藤沢,浜見山,142051,神奈川県,藤沢市,鵠沼海岸４丁目,2021/12/3,21,４階建て以上共同住宅,その他,ナンバープレート
窃盗,部品ねらい,藤沢,浜見山,142051,神奈川県,藤沢市,辻堂東海岸４丁目,2021/6/14,12,一戸建住宅,駐車（輪）場,ナンバープレート
窃盗,部品ねらい,藤沢,片瀬山,142051,神奈川県,藤沢市,片瀬山２丁目,2021/4/11,7,一戸建住宅,駐車（輪）場,ナンバープレート
窃盗,部品ねらい,藤沢,片瀬江の島,142051,神奈川県,藤沢市,片瀬海岸３丁目,2021/10/29,10,４階建て以上共同住宅,駐車（輪）場,その他
窃盗,部品ねらい,藤沢,羽鳥,142051,神奈川県,藤沢市,城南１丁目,2021/12/14,20,駐車（輪）場,駐車（輪）場,タイヤ・ホイール
窃盗,部品ねらい,藤沢,羽鳥,142051,神奈川県,藤沢市,辻堂神台１丁目,2021/6/21,15,その他,駐車（輪）場,ナンバープレート
窃盗,部品ねらい,藤沢,羽鳥,142051,神奈川県,藤沢市,辻堂神台１丁目,2021/7/23,16,駐車（輪）場,駐車（輪）場,その他
窃盗,部品ねらい,藤沢,羽鳥,142051,神奈川県,藤沢市,辻堂神台１丁目,2021/10/28,8,駐車（輪）場,駐車（輪）場,その他
窃盗,部品ねらい,藤沢,羽鳥,142051,神奈川県,藤沢市,辻堂新町１丁目,2021/11/13,11,その他,駐車（輪）場,その他
窃盗,部品ねらい,藤沢,辻堂団地,142051,神奈川県,藤沢市,辻堂西海岸２丁目,2021/6/13,6,４階建て以上共同住宅,駐車（輪）場,ナンバープレート
窃盗,部品ねらい,藤沢,辻堂駅前,142051,神奈川県,藤沢市,辻堂６丁目,2021/2/23,12,一戸建住宅,その他,ナンバープレート
窃盗,部品ねらい,藤沢,辻堂駅前,142051,神奈川県,藤沢市,辻堂新町４丁目,2021/10/23,11,その他,駐車（輪）場,その他
窃盗,部品ねらい,藤沢,鵠沼海岸駅前,142051,神奈川県,藤沢市,鵠沼海岸１丁目,2021/1/13,10,４階建て以上共同住宅,駐車（輪）場,ナンバープレート
窃盗,部品ねらい,藤沢,鵠沼海岸駅前,142051,神奈川県,藤沢市,鵠沼海岸１丁目,2021/3/29,17,４階建て以上共同住宅,その他,ナンバープレート
窃盗,部品ねらい,藤沢,鵠沼海岸駅前,142051,神奈川県,藤沢市,鵠沼海岸１丁目,2021/5/9,17,その他の住宅（３階建て以下共同住宅等）,駐車（輪）場,ナンバープレート
窃盗,部品ねらい,茅ケ崎,今宿,142077,神奈川県,茅ヶ崎市,今宿,2021/10/10,23,その他の住宅（３階建て以下共同住宅等）,駐車（輪）場,ナンバープレート
窃盗,部品ねらい,茅ケ崎,今宿,142077,神奈川県,茅ヶ崎市,萩園,2021/2/4,10,４階建て以上共同住宅,駐車（輪）場,ナンバープレート
窃盗,部品ねらい,茅ケ崎,今宿,142077,神奈川県,茅ヶ崎市,萩園,2021/10/23,14,駐車（輪）場,駐車（輪）場,ナンバープレート
窃盗,部品ねらい,茅ケ崎,今宿,142077,神奈川県,茅ヶ崎市,萩園,2021/11/15,15,一戸建住宅,駐車（輪）場,タイヤ・ホイール
窃盗,部品ねらい,茅ケ崎,宮山,143219,神奈川県,寒川町,倉見,2021/1/31,17,その他の住宅（３階建て以下共同住宅等）,駐車（輪）場,ナンバープレート
窃盗,部品ねらい,茅ケ崎,宮山,143219,神奈川県,寒川町,倉見,2021/10/4,22,その他,駐車（輪）場,ナンバープレート
窃盗,部品ねらい,茅ケ崎,宮山,143219,神奈川県,寒川町,倉見,2021/10/21,16,駐車（輪）場,駐車（輪）場,ナンバープレート
窃盗,部品ねらい,茅ケ崎,宮山,143219,神奈川県,寒川町,宮山,2021/8/24,18,駐車（輪）場,駐車（輪）場,ナンバープレート
窃盗,部品ねらい,茅ケ崎,寒川駅前,143219,神奈川県,寒川町,一之宮９丁目,2021/5/3,18,一戸建住宅,駐車（輪）場,ナンバープレート
窃盗,部品ねらい,茅ケ崎,寒川駅前,143219,神奈川県,寒川町,大曲１丁目,2021/4/20,9,一戸建住宅,その他,ナンバープレート
窃盗,部品ねらい,茅ケ崎,小出,142077,神奈川県,茅ヶ崎市,芹沢,2021/5/4,14,その他,駐車（輪）場,ナンバープレート
窃盗,部品ねらい,茅ケ崎,小和田,142077,神奈川県,茅ヶ崎市,赤羽根,2021/4/18,18,その他,その他,ナンバープレート
窃盗,部品ねらい,茅ケ崎,岡田,143219,神奈川県,寒川町,岡田４丁目,2021/5/7,17,その他の住宅（３階建て以下共同住宅等）,駐車（輪）場,ナンバープレート
窃盗,部品ねらい,茅ケ崎,岡田,143219,神奈川県,寒川町,岡田４丁目,2021/10/13,20,その他の住宅（３階建て以下共同住宅等）,駐車（輪）場,ナンバープレート
窃盗,部品ねらい,茅ケ崎,岡田,143219,神奈川県,寒川町,岡田７丁目,2021/11/20,20,その他の住宅（３階建て以下共同住宅等）,駐車（輪）場,カーナビ
窃盗,部品ねらい,茅ケ崎,岡田,143219,神奈川県,寒川町,小谷１丁目,2021/5/9,17,一戸建住宅,駐車（輪）場,その他
窃盗,部品ねらい,茅ケ崎,岡田,143219,神奈川県,寒川町,小谷３丁目,2021/9/18,18,一戸建住宅,駐車（輪）場,ナンバープレート
窃盗,部品ねらい,茅ケ崎,東海岸,142077,神奈川県,茅ヶ崎市,東海岸南５丁目,2021/8/30,18,その他の住宅（３階建て以下共同住宅等）,駐車（輪）場,ナンバープレート
窃盗,部品ねらい,茅ケ崎,浜見平,142077,神奈川県,茅ヶ崎市,松尾,2021/10/22,18,駐車（輪）場,駐車（輪）場,タイヤ・ホイール
窃盗,部品ねらい,茅ケ崎,茅ケ崎駅前,142077,神奈川県,茅ヶ崎市,新栄町,2021/2/14,14,その他,駐車（輪）場,その他
窃盗,部品ねらい,茅ケ崎,鶴が台,142077,神奈川県,茅ヶ崎市,香川１丁目,2021/5/31,22,駐車（輪）場,駐車（輪）場,ナンバープレート
窃盗,部品ねらい,茅ケ崎,鶴が台,142077,神奈川県,茅ヶ崎市,高田１丁目,2021/3/24,12,その他の住宅（３階建て以下共同住宅等）,駐車（輪）場,ナンバープレート
窃盗,部品ねらい,茅ケ崎,鶴が台,142077,神奈川県,茅ヶ崎市,鶴が台,2021/2/6,7,４階建て以上共同住宅,その他,ナンバープレート
窃盗,部品ねらい,茅ケ崎,鶴が台,142077,神奈川県,茅ヶ崎市,鶴が台,2021/7/7,8,４階建て以上共同住宅,駐車（輪）場,その他
窃盗,部品ねらい,茅ケ崎,鶴が台,142077,神奈川県,茅ヶ崎市,みずき２丁目,2021/5/7,19,一戸建住宅,駐車（輪）場,ナンバープレート
窃盗,部品ねらい,平塚,中原,142034,神奈川県,平塚市,御殿１丁目,2021/3/20,10,その他の住宅（３階建て以下共同住宅等）,駐車（輪）場,ナンバープレート
窃盗,部品ねらい,平塚,中原,142034,神奈川県,平塚市,中原２丁目,2021/10/17,18,駐車（輪）場,駐車（輪）場,その他
窃盗,部品ねらい,平塚,八幡,142034,神奈川県,平塚市,四之宮１丁目,2021/9/8,6,その他の住宅（３階建て以下共同住宅等）,その他,その他
窃盗,部品ねらい,平塚,四之宮,142034,神奈川県,平塚市,田村２丁目,2021/6/27,22,４階建て以上共同住宅,駐車（輪）場,ナンバープレート
窃盗,部品ねらい,平塚,四之宮,142034,神奈川県,平塚市,田村２丁目,2021/9/15,14,４階建て以上共同住宅,その他,ナンバープレート
窃盗,部品ねらい,平塚,四之宮,142034,神奈川県,平塚市,田村３丁目,2021/9/15,12,４階建て以上共同住宅,駐車（輪）場,その他
窃盗,部品ねらい,平塚,城島,142034,神奈川県,平塚市,下島,2021/8/26,18,その他,駐車（輪）場,その他
窃盗,部品ねらい,平塚,岡崎,142034,神奈川県,平塚市,岡崎,2021/5/14,16,その他,駐車（輪）場,ナンバープレート
窃盗,部品ねらい,平塚,平塚駅前,142034,神奈川県,平塚市,天沼,2021/12/3,17,道路上,その他,その他
窃盗,部品ねらい,平塚,平塚駅前,142034,神奈川県,平塚市,中堂,2021/4/10,8,その他,駐車（輪）場,その他
窃盗,部品ねらい,平塚,旭,142034,神奈川県,平塚市,高村,2021/11/2,12,４階建て以上共同住宅,駐車（輪）場,その他
窃盗,部品ねらい,平塚,旭,142034,神奈川県,平塚市,山下,2021/6/10,18,駐車（輪）場,駐車（輪）場,ナンバープレート
窃盗,部品ねらい,平塚,横内,142034,神奈川県,平塚市,横内,2021/8/20,16,駐車（輪）場,駐車（輪）場,ナンバープレート
窃盗,部品ねらい,平塚,横内,142034,神奈川県,平塚市,横内,2021/11/19,8,４階建て以上共同住宅,駐車（輪）場,その他
窃盗,部品ねらい,平塚,真土,142034,神奈川県,平塚市,西真土１丁目,2021/1/6,23,その他の住宅（３階建て以下共同住宅等）,駐車（輪）場,タイヤ・ホイール
窃盗,部品ねらい,平塚,真土,142034,神奈川県,平塚市,西真土１丁目,不明,不明,一戸建住宅,その他,ナンバープレート
窃盗,部品ねらい,平塚,真土,142034,神奈川県,平塚市,東真土２丁目,2021/2/19,22,４階建て以上共同住宅,駐車（輪）場,その他
窃盗,部品ねらい,平塚,真土,142034,神奈川県,平塚市,東真土４丁目,2021/6/27,10,一戸建住宅,駐車（輪）場,ナンバープレート
窃盗,部品ねらい,平塚,神田,142034,神奈川県,平塚市,大神,2021/4/13,9,道路上,その他,ナンバープレート
窃盗,部品ねらい,平塚,神田,142034,神奈川県,平塚市,田村４丁目,2021/10/21,18,駐車（輪）場,駐車（輪）場,カーナビ
窃盗,部品ねらい,平塚,神田,142034,神奈川県,平塚市,田村８丁目,2021/1/22,18,駐車（輪）場,駐車（輪）場,タイヤ・ホイール
窃盗,部品ねらい,平塚,花水台,142034,神奈川県,平塚市,龍城ケ丘,2021/1/22,6,４階建て以上共同住宅,駐車（輪）場,その他
窃盗,部品ねらい,平塚,豊田,142034,神奈川県,平塚市,北豊田,2021/6/24,21,その他,その他,その他
窃盗,部品ねらい,平塚,金田,142034,神奈川県,平塚市,長持,2021/10/22,18,その他の住宅（３階建て以下共同住宅等）,その他,ナンバープレート
窃盗,部品ねらい,平塚,金田,142034,神奈川県,平塚市,長持,2021/11/9,19,その他の住宅（３階建て以下共同住宅等）,駐車（輪）場,なし
窃盗,部品ねらい,平塚,金目,142034,神奈川県,平塚市,北金目２丁目,2021/10/26,10,その他,その他,ナンバープレート
窃盗,部品ねらい,大磯,大磯駅前,143413,神奈川県,大磯町,国府新宿,2021/2/6,17,駐車（輪）場,駐車（輪）場,ナンバープレート
窃盗,部品ねらい,大磯,大磯駅前,143413,神奈川県,大磯町,東小磯,2021/7/3,7,駐車（輪）場,駐車（輪）場,ナンバープレート
窃盗,部品ねらい,大磯,生沢,143413,神奈川県,大磯町,生沢,2021/8/21,22,その他,駐車（輪）場,タイヤ・ホイール
窃盗,部品ねらい,小田原,上府中,142069,神奈川県,小田原市,永塚,2021/4/25,11,その他,駐車（輪）場,ナンバープレート
窃盗,部品ねらい,小田原,上府中,142069,神奈川県,小田原市,西大友,2021/9/29,18,駐車（輪）場,駐車（輪）場,ナンバープレート
窃盗,部品ねらい,小田原,下曽我,142069,神奈川県,小田原市,曽我原,2021/8/5,18,その他の住宅（３階建て以下共同住宅等）,駐車（輪）場,ナンバープレート
窃盗,部品ねらい,小田原,湯本,143821,神奈川県,箱根町,湯本茶屋,2021/10/15,7,その他の住宅（３階建て以下共同住宅等）,駐車（輪）場,ナンバープレート
窃盗,部品ねらい,小田原,湯河原,143847,神奈川県,湯河原町,土肥１丁目,2021/10/29,17,その他,駐車（輪）場,その他
窃盗,部品ねらい,小田原,豊川,142069,神奈川県,小田原市,飯泉,2021/3/10,16,一戸建住宅,駐車（輪）場,ナンバープレート
窃盗,部品ねらい,小田原,豊川,142069,神奈川県,小田原市,桑原,2021/10/7,15,その他,駐車（輪）場,ナンバープレート
窃盗,部品ねらい,小田原,酒匂,142069,神奈川県,小田原市,西酒匂１丁目,2021/10/7,14,４階建て以上共同住宅,駐車（輪）場,その他
窃盗,部品ねらい,小田原,酒匂,142069,神奈川県,小田原市,南鴨宮２丁目,2021/2/13,18,一戸建住宅,駐車（輪）場,ナンバープレート
窃盗,部品ねらい,松田,井ノ口,143618,神奈川県,中井町,井ノ口,2021/4/24,9,駐車（輪）場,駐車（輪）場,ナンバープレート
窃盗,部品ねらい,松田,向原,143642,神奈川県,山北町,山北,2021/10/31,9,その他,駐車（輪）場,ナンバープレート
窃盗,部品ねらい,松田,新松田駅前,143634,神奈川県,松田町,松田惣領,2015/5/17,19,駐車（輪）場,駐車（輪）場,ナンバープレート
窃盗,部品ねらい,松田,新松田駅前,143634,神奈川県,松田町,松田惣領,2021/6/28,19,駐車（輪）場,駐車（輪）場,その他
窃盗,部品ねらい,松田,新松田駅前,143634,神奈川県,松田町,松田惣領,2021/12/13,14,駐車（輪）場,駐車（輪）場,ナンバープレート
窃盗,部品ねらい,松田,福沢,142174,神奈川県,南足柄市,小市,2021/5/8,12,一戸建住宅,駐車（輪）場,ナンバープレート
窃盗,部品ねらい,松田,金田,143626,神奈川県,大井町,上大井,2021/3/26,18,駐車（輪）場,駐車（輪）場,ナンバープレート
窃盗,部品ねらい,松田,金田,143626,神奈川県,大井町,上大井,2021/11/21,19,駐車（輪）場,駐車（輪）場,その他
窃盗,部品ねらい,秦野,南矢名,142115,神奈川県,秦野市,下大槻,2021/5/23,15,駐車（輪）場,駐車（輪）場,ナンバープレート
窃盗,部品ねらい,秦野,名古木,142115,神奈川県,秦野市,曽屋,2021/3/31,6,その他,その他,ナンバープレート
窃盗,部品ねらい,秦野,名古木,142115,神奈川県,秦野市,曽屋,2021/11/18,15,その他の住宅（３階建て以下共同住宅等）,駐車（輪）場,ナンバープレート
窃盗,部品ねらい,秦野,戸川,142115,神奈川県,秦野市,戸川,2021/1/14,18,駐車（輪）場,駐車（輪）場,タイヤ・ホイール
窃盗,部品ねらい,秦野,東田原,142115,神奈川県,秦野市,西田原,2021/10/22,13,一戸建住宅,その他,ナンバープレート
窃盗,部品ねらい,秦野,東田原,142115,神奈川県,秦野市,東田原,2021/10/26,19,駐車（輪）場,駐車（輪）場,ナンバープレート
窃盗,部品ねらい,秦野,桜町,142115,神奈川県,秦野市,平沢,2021/3/6,10,４階建て以上共同住宅,駐車（輪）場,タイヤ・ホイール
窃盗,部品ねらい,秦野,桜町,142115,神奈川県,秦野市,平沢,2021/11/10,1,その他,その他,カーナビ
窃盗,部品ねらい,秦野,渋沢,142115,神奈川県,秦野市,渋沢１丁目,2021/12/26,19,一戸建住宅,その他,その他
窃盗,部品ねらい,秦野,鶴巻,142115,神奈川県,秦野市,鶴巻南２丁目,2021/7/16,21,駐車（輪）場,駐車（輪）場,タイヤ・ホイール
窃盗,部品ねらい,伊勢原,伊勢原駅前,142140,神奈川県,伊勢原市,池端,2021/11/3,22,駐車（輪）場,駐車（輪）場,カーナビ
窃盗,部品ねらい,伊勢原,伊勢原駅前,142140,神奈川県,伊勢原市,桜台２丁目,2021/11/12,18,その他の住宅（３階建て以下共同住宅等）,駐車（輪）場,その他
窃盗,部品ねらい,伊勢原,大山,142140,神奈川県,伊勢原市,上粕屋,2021/3/26,14,一戸建住宅,その他,ナンバープレート
窃盗,部品ねらい,伊勢原,成瀬,142140,神奈川県,伊勢原市,下落合,2021/8/14,19,その他の住宅（３階建て以下共同住宅等）,駐車（輪）場,その他
窃盗,部品ねらい,伊勢原,比々多,142140,神奈川県,伊勢原市,三ノ宮,2021/9/3,8,駐車（輪）場,駐車（輪）場,ナンバープレート
窃盗,部品ねらい,伊勢原,高部屋,142140,神奈川県,伊勢原市,日向,2021/9/11,17,その他,その他,ナンバープレート
窃盗,部品ねらい,厚木,三田,142123,神奈川県,厚木市,三田,2020/10/28,14,駐車（輪）場,駐車（輪）場,ナンバープレート
窃盗,部品ねらい,厚木,三田,142123,神奈川県,厚木市,三田,2021/4/15,18,一戸建住宅,駐車（輪）場,ナンバープレート
窃盗,部品ねらい,厚木,三田,142123,神奈川県,厚木市,三田,2021/9/8,0,一戸建住宅,駐車（輪）場,ナンバープレート
窃盗,部品ねらい,厚木,三田,142123,神奈川県,厚木市,三田１丁目,2021/1/8,14,４階建て以上共同住宅,駐車（輪）場,その他
窃盗,部品ねらい,厚木,三田,142123,神奈川県,厚木市,三田１丁目,2021/9/2,17,４階建て以上共同住宅,駐車（輪）場,ナンバープレート
窃盗,部品ねらい,厚木,下荻野,142123,神奈川県,厚木市,三田,2021/3/14,18,駐車（輪）場,駐車（輪）場,ナンバープレート
窃盗,部品ねらい,厚木,下荻野,142123,神奈川県,厚木市,下荻野,2021/4/16,16,一戸建住宅,駐車（輪）場,ナンバープレート
窃盗,部品ねらい,厚木,中津,144011,神奈川県,愛川町,中津,2021/2/9,16,駐車（輪）場,駐車（輪）場,ナンバープレート
窃盗,部品ねらい,厚木,中津,144011,神奈川県,愛川町,中津,2021/4/1,17,一戸建住宅,駐車（輪）場,ナンバープレート
窃盗,部品ねらい,厚木,中津,144011,神奈川県,愛川町,中津,2021/5/11,21,その他の住宅（３階建て以下共同住宅等）,駐車（輪）場,なし
窃盗,部品ねらい,厚木,中津,144011,神奈川県,愛川町,中津,2021/6/3,13,その他の住宅（３階建て以下共同住宅等）,駐車（輪）場,ナンバープレート
窃盗,部品ねらい,厚木,中津,144011,神奈川県,愛川町,中津,2021/9/13,18,その他,駐車（輪）場,ナンバープレート
窃盗,部品ねらい,厚木,中津,144011,神奈川県,愛川町,中津,2021/11/28,16,４階建て以上共同住宅,駐車（輪）場,ナンバープレート
窃盗,部品ねらい,厚木,中津,144011,神奈川県,愛川町,八菅山,2021/7/10,17,一戸建住宅,駐車（輪）場,ナンバープレート
窃盗,部品ねらい,厚木,依知,142123,神奈川県,厚木市,下依知１丁目,2021/2/7,16,その他,その他,その他
窃盗,部品ねらい,厚木,依知,142123,神奈川県,厚木市,下依知１丁目,2021/2/28,18,その他,その他,ナンバープレート
窃盗,部品ねらい,厚木,依知,142123,神奈川県,厚木市,関口,2021/4/11,15,その他,駐車（輪）場,ナンバープレート
窃盗,部品ねらい,厚木,依知,142123,神奈川県,厚木市,関口,2021/5/15,14,駐車（輪）場,駐車（輪）場,ナンバープレート
窃盗,部品ねらい,厚木,依知,142123,神奈川県,厚木市,関口,2021/11/7,15,その他の住宅（３階建て以下共同住宅等）,駐車（輪）場,ナンバープレート
窃盗,部品ねらい,厚木,依知,142123,神奈川県,厚木市,山際,2021/4/18,14,駐車（輪）場,駐車（輪）場,ナンバープレート
窃盗,部品ねらい,厚木,半原,144011,神奈川県,愛川町,半原,2021/8/19,13,その他,駐車（輪）場,ナンバープレート
窃盗,部品ねらい,厚木,妻田,142123,神奈川県,厚木市,妻田東１丁目,2021/9/6,1,４階建て以上共同住宅,駐車（輪）場,タイヤ・ホイール
窃盗,部品ねらい,厚木,小鮎,142123,神奈川県,厚木市,飯山,2021/10/2,3,４階建て以上共同住宅,駐車（輪）場,ナンバープレート
窃盗,部品ねらい,厚木,工業団地,142123,神奈川県,厚木市,上依知,2021/8/19,20,その他,その他,タイヤ・ホイール
窃盗,部品ねらい,厚木,工業団地,142123,神奈川県,厚木市,山際,2021/4/16,20,その他,駐車（輪）場,ナンバープレート
窃盗,部品ねらい,厚木,旭町,142123,神奈川県,厚木市,旭町１丁目,2021/2/10,8,駐車（輪）場,駐車（輪）場,その他
窃盗,部品ねらい,厚木,旭町,142123,神奈川県,厚木市,旭町１丁目,2021/9/8,18,駐車（輪）場,駐車（輪）場,タイヤ・ホイール
窃盗,部品ねらい,厚木,旭町,142123,神奈川県,厚木市,旭町１丁目,2021/10/2,17,４階建て以上共同住宅,駐車（輪）場,ナンバープレート
窃盗,部品ねらい,厚木,旭町,142123,神奈川県,厚木市,旭町３丁目,2021/12/16,16,その他,駐車（輪）場,その他
窃盗,部品ねらい,厚木,春日台,144011,神奈川県,愛川町,中津,2021/3/18,19,道路上,その他,その他
窃盗,部品ねらい,厚木,本厚木駅前,142123,神奈川県,厚木市,厚木町,2021/9/17,8,駐車（輪）場,駐車（輪）場,ナンバープレート
窃盗,部品ねらい,厚木,緑ケ丘,142123,神奈川県,厚木市,戸室１丁目,2021/8/11,12,その他の住宅（３階建て以下共同住宅等）,駐車（輪）場,ナンバープレート
窃盗,部品ねらい,厚木,緑ケ丘,142123,神奈川県,厚木市,戸室５丁目,2021/2/3,22,駐車（輪）場,駐車（輪）場,タイヤ・ホイール
窃盗,部品ねらい,厚木,緑ケ丘,142123,神奈川県,厚木市,林１丁目,2021/4/14,9,駐車（輪）場,駐車（輪）場,ナンバープレート
窃盗,部品ねらい,厚木,緑ケ丘,142123,神奈川県,厚木市,緑ケ丘３丁目,2021/6/14,20,４階建て以上共同住宅,駐車（輪）場,その他
窃盗,部品ねらい,厚木,緑ケ丘,142123,神奈川県,厚木市,緑ケ丘５丁目,2021/1/28,15,駐車（輪）場,駐車（輪）場,タイヤ・ホイール
窃盗,部品ねらい,厚木,酒井,142123,神奈川県,厚木市,酒井,2021/1/21,13,一戸建住宅,駐車（輪）場,ナンバープレート
窃盗,部品ねらい,厚木,酒井,142123,神奈川県,厚木市,酒井,2021/5/2,23,一戸建住宅,駐車（輪）場,その他
窃盗,部品ねらい,厚木,酒井,142123,神奈川県,厚木市,戸田,2021/8/29,12,その他の住宅（３階建て以下共同住宅等）,駐車（輪）場,ナンバープレート
窃盗,部品ねらい,厚木,鳶尾,142123,神奈川県,厚木市,鳶尾１丁目,2021/4/14,18,一戸建住宅,駐車（輪）場,ナンバープレート
窃盗,部品ねらい,相模原,上溝,141526,神奈川県,相模原市中央区,上溝,2021/1/4,20,駐車（輪）場,駐車（輪）場,ナンバープレート
窃盗,部品ねらい,相模原,上溝,141526,神奈川県,相模原市中央区,上溝,2021/1/9,8,道路上,その他,ナンバープレート
窃盗,部品ねらい,相模原,上溝,141526,神奈川県,相模原市中央区,上溝,2021/2/8,15,駐車（輪）場,駐車（輪）場,ナンバープレート
窃盗,部品ねらい,相模原,上溝,141526,神奈川県,相模原市中央区,上溝,2021/4/7,10,一戸建住宅,その他,ナンバープレート
窃盗,部品ねらい,相模原,上溝,141526,神奈川県,相模原市中央区,上溝,2021/4/16,2,一戸建住宅,駐車（輪）場,ナンバープレート
窃盗,部品ねらい,相模原,上溝,141526,神奈川県,相模原市中央区,上溝,2021/4/30,18,道路上,その他,ナンバープレート
窃盗,部品ねらい,相模原,上溝,141526,神奈川県,相模原市中央区,上溝,2021/6/4,21,一戸建住宅,駐車（輪）場,その他
窃盗,部品ねらい,相模原,上溝,141526,神奈川県,相模原市中央区,上溝,2021/11/16,18,その他,駐車（輪）場,ナンバープレート
窃盗,部品ねらい,相模原,上溝,141526,神奈川県,相模原市中央区,上溝７丁目,2021/3/14,20,一戸建住宅,その他,その他
窃盗,部品ねらい,相模原,上溝,141526,神奈川県,相模原市中央区,田名,2021/4/16,6,その他の住宅（３階建て以下共同住宅等）,駐車（輪）場,ナンバープレート
窃盗,部品ねらい,相模原,南橋本駅前,141526,神奈川県,相模原市中央区,南橋本１丁目,2021/10/7,19,駐車（輪）場,駐車（輪）場,ナンバープレート
窃盗,部品ねらい,相模原,南橋本駅前,141526,神奈川県,相模原市中央区,南橋本１丁目,2021/10/28,14,その他,駐車（輪）場,その他
窃盗,部品ねらい,相模原,南橋本駅前,141526,神奈川県,相模原市中央区,南橋本３丁目,2021/3/26,17,その他の住宅（３階建て以下共同住宅等）,駐車（輪）場,ナンバープレート
窃盗,部品ねらい,相模原,南橋本駅前,141526,神奈川県,相模原市中央区,横山台２丁目,2021/5/30,3,４階建て以上共同住宅,駐車（輪）場,ナンバープレート
窃盗,部品ねらい,相模原,星が丘,141526,神奈川県,相模原市中央区,千代田１丁目,2021/5/9,1,４階建て以上共同住宅,駐車（輪）場,その他
窃盗,部品ねらい,相模原,星が丘,141526,神奈川県,相模原市中央区,千代田６丁目,2021/12/20,14,駐車（輪）場,駐車（輪）場,ナンバープレート
窃盗,部品ねらい,相模原,星が丘,141526,神奈川県,相模原市中央区,光が丘２丁目,2021/8/14,15,一戸建住宅,駐車（輪）場,タイヤ・ホイール
窃盗,部品ねらい,相模原,星が丘,141526,神奈川県,相模原市中央区,緑が丘２丁目,2021/9/12,12,一戸建住宅,駐車（輪）場,ナンバープレート
窃盗,部品ねらい,相模原,横山,141526,神奈川県,相模原市中央区,中央２丁目,2021/6/25,8,その他,駐車（輪）場,その他
窃盗,部品ねらい,相模原,横山,141526,神奈川県,相模原市中央区,中央５丁目,2020/8/14,17,その他の住宅（３階建て以下共同住宅等）,駐車（輪）場,ナンバープレート
窃盗,部品ねらい,相模原,横山,141526,神奈川県,相模原市中央区,中央５丁目,2021/6/2,20,その他の住宅（３階建て以下共同住宅等）,駐車（輪）場,ナンバープレート
窃盗,部品ねらい,相模原,横山,141526,神奈川県,相模原市中央区,横山３丁目,2021/3/18,0,４階建て以上共同住宅,駐車（輪）場,ナンバープレート
窃盗,部品ねらい,相模原,淵野辺駅北口,141526,神奈川県,相模原市中央区,東淵野辺２丁目,2021/3/24,17,４階建て以上共同住宅,駐車（輪）場,ナンバープレート
窃盗,部品ねらい,相模原,淵野辺駅北口,141526,神奈川県,相模原市中央区,東淵野辺３丁目,2021/2/4,21,その他の住宅（３階建て以下共同住宅等）,駐車（輪）場,ナンバープレート
窃盗,部品ねらい,相模原,淵野辺駅北口,141526,神奈川県,相模原市中央区,淵野辺４丁目,2021/1/5,0,駐車（輪）場,駐車（輪）場,ナンバープレート
窃盗,部品ねらい,相模原,淵野辺駅北口,141526,神奈川県,相模原市中央区,淵野辺本町４丁目,2021/1/3,21,駐車（輪）場,駐車（輪）場,タイヤ・ホイール
窃盗,部品ねらい,相模原,淵野辺駅北口,141526,神奈川県,相模原市中央区,淵野辺本町５丁目,2021/4/6,22,一戸建住宅,駐車（輪）場,ナンバープレート
窃盗,部品ねらい,相模原,淵野辺駅北口,141526,神奈川県,相模原市中央区,矢部新町,2021/5/19,18,４階建て以上共同住宅,駐車（輪）場,ナンバープレート
窃盗,部品ねらい,相模原,淵野辺駅南口,141526,神奈川県,相模原市中央区,矢部１丁目,2021/4/26,13,駐車（輪）場,駐車（輪）場,ナンバープレート
窃盗,部品ねらい,相模原,田名,141526,神奈川県,相模原市中央区,田名,2020/10/1,12,その他の住宅（３階建て以下共同住宅等）,駐車（輪）場,ナンバープレート
窃盗,部品ねらい,相模原,田名,141526,神奈川県,相模原市中央区,田名,2021/6/29,20,その他の住宅（３階建て以下共同住宅等）,駐車（輪）場,ナンバープレート
窃盗,部品ねらい,相模原,田名,141526,神奈川県,相模原市中央区,田名,2021/7/21,22,その他,駐車（輪）場,その他
窃盗,部品ねらい,相模原,番田,141526,神奈川県,相模原市中央区,上溝,2021/2/8,9,一戸建住宅,駐車（輪）場,その他
窃盗,部品ねらい,相模原,番田,141526,神奈川県,相模原市中央区,田名,2021/6/14,14,駐車（輪）場,駐車（輪）場,その他
窃盗,部品ねらい,相模原,相模原駅前,141526,神奈川県,相模原市中央区,相模原４丁目,2021/7/2,9,その他,駐車（輪）場,その他
窃盗,部品ねらい,相模原,相模原駅前,141526,神奈川県,相模原市中央区,相模原５丁目,2021/2/3,11,駐車（輪）場,駐車（輪）場,タイヤ・ホイール
窃盗,部品ねらい,相模原,相模原駅前,141526,神奈川県,相模原市中央区,相模原７丁目,2021/3/21,20,その他,その他,ナンバープレート
窃盗,部品ねらい,相模原,相模原駅前,141526,神奈川県,相模原市中央区,相模原８丁目,2021/2/20,0,４階建て以上共同住宅,駐車（輪）場,タイヤ・ホイール
窃盗,部品ねらい,相模原,相模原駅前,141526,神奈川県,相模原市中央区,清新２丁目,2021/1/22,12,その他の住宅（３階建て以下共同住宅等）,その他,ナンバープレート
窃盗,部品ねらい,相模原,相模原駅前,141526,神奈川県,相模原市中央区,清新２丁目,2021/8/9,18,その他の住宅（３階建て以下共同住宅等）,駐車（輪）場,タイヤ・ホイール
窃盗,部品ねらい,相模原,相模原駅前,141526,神奈川県,相模原市中央区,宮下本町３丁目,2021/11/13,19,道路上,その他,その他
窃盗,部品ねらい,相模原,相模原駅前,141526,神奈川県,相模原市中央区,宮下本町３丁目,2021/11/15,0,道路上,その他,その他
窃盗,部品ねらい,相模原,相模原駅前,141526,神奈川県,相模原市中央区,宮下本町３丁目,2021/11/20,2,道路上,その他,その他
窃盗,部品ねらい,相模原,相模原駅前,141526,神奈川県,相模原市中央区,宮下本町３丁目,2021/11/22,22,道路上,その他,その他
窃盗,部品ねらい,相模原,相模原駅前,141526,神奈川県,相模原市中央区,宮下本町３丁目,2021/11/24,22,道路上,その他,その他
窃盗,部品ねらい,相模原,相模原駅前,141526,神奈川県,相模原市中央区,宮下本町３丁目,2021/11/30,0,道路上,その他,その他
窃盗,部品ねらい,相模原,相模原駅前,141526,神奈川県,相模原市中央区,宮下本町３丁目,2021/12/4,0,道路上,その他,その他
窃盗,部品ねらい,相模原,相模原駅前,141526,神奈川県,相模原市中央区,宮下本町３丁目,2021/12/5,0,道路上,その他,その他
窃盗,部品ねらい,相模原,相生,141526,神奈川県,相模原市中央区,相生３丁目,2021/4/15,18,その他,駐車（輪）場,その他
窃盗,部品ねらい,相模原,相生,141526,神奈川県,相模原市中央区,青葉１丁目,2021/4/25,16,駐車（輪）場,駐車（輪）場,ナンバープレート
窃盗,部品ねらい,相模原,相生,141526,神奈川県,相模原市中央区,青葉２丁目,2021/11/18,8,その他,駐車（輪）場,ナンバープレート
窃盗,部品ねらい,相模原,相生,141526,神奈川県,相模原市中央区,富士見５丁目,2021/2/22,21,４階建て以上共同住宅,駐車（輪）場,その他
窃盗,部品ねらい,相模原,相生,141526,神奈川県,相模原市中央区,富士見５丁目,2021/10/21,17,４階建て以上共同住宅,駐車（輪）場,ナンバープレート
窃盗,部品ねらい,相模原,相生,141526,神奈川県,相模原市中央区,富士見５丁目,2021/12/27,23,４階建て以上共同住宅,駐車（輪）場,その他
窃盗,部品ねらい,相模原,相生,141526,神奈川県,相模原市中央区,弥栄１丁目,2021/4/2,12,一戸建住宅,駐車（輪）場,ナンバープレート
窃盗,部品ねらい,相模原,相生,141526,神奈川県,相模原市中央区,由野台１丁目,2021/6/1,20,その他の住宅（３階建て以下共同住宅等）,駐車（輪）場,ナンバープレート
窃盗,部品ねらい,津久井,内郷,141518,神奈川県,相模原市緑区,寸沢嵐,2021/3/1,18,一戸建住宅,その他,ナンバープレート
窃盗,部品ねらい,津久井,内郷,141518,神奈川県,相模原市緑区,寸沢嵐,2021/3/4,18,一戸建住宅,駐車（輪）場,ナンバープレート
窃盗,部品ねらい,津久井,内郷,141518,神奈川県,相模原市緑区,若柳,2021/3/1,17,駐車（輪）場,駐車（輪）場,ナンバープレート
窃盗,部品ねらい,津久井,城山,141518,神奈川県,相模原市緑区,向原３丁目,2021/2/7,18,駐車（輪）場,駐車（輪）場,タイヤ・ホイール
窃盗,部品ねらい,津久井,根小屋,141518,神奈川県,相模原市緑区,根小屋,2021/1/12,20,その他の住宅（３階建て以下共同住宅等）,その他,ナンバープレート
窃盗,部品ねらい,相模原南,中和田,141534,神奈川県,相模原市南区,上鶴間本町９丁目,2021/3/1,0,その他,駐車（輪）場,ナンバープレート
窃盗,部品ねらい,相模原南,南大野,141534,神奈川県,相模原市南区,相模台１丁目,2021/9/1,11,その他,駐車（輪）場,ナンバープレート
窃盗,部品ねらい,相模原南,南大野,141534,神奈川県,相模原市南区,南台２丁目,2021/9/4,2,４階建て以上共同住宅,その他,ナンバープレート
窃盗,部品ねらい,相模原南,南大野,141534,神奈川県,相模原市南区,南台３丁目,2021/11/13,17,駐車（輪）場,駐車（輪）場,ナンバープレート
窃盗,部品ねらい,相模原南,南大野,141534,神奈川県,相模原市南区,南台４丁目,2021/5/28,23,駐車（輪）場,駐車（輪）場,ナンバープレート
窃盗,部品ねらい,相模原南,古淵駅前,141534,神奈川県,相模原市南区,大野台２丁目,2021/8/22,13,駐車（輪）場,駐車（輪）場,ナンバープレート
窃盗,部品ねらい,相模原南,小田急相模原駅前,141534,神奈川県,相模原市南区,東林間２丁目,2021/9/13,6,その他の住宅（３階建て以下共同住宅等）,その他,ナンバープレート
窃盗,部品ねらい,相模原南,新磯,141534,神奈川県,相模原市南区,新戸,2021/3/13,8,駐車（輪）場,駐車（輪）場,ナンバープレート
窃盗,部品ねらい,相模原南,新磯,141534,神奈川県,相模原市南区,新戸,2021/3/13,10,その他の住宅（３階建て以下共同住宅等）,駐車（輪）場,ナンバープレート
窃盗,部品ねらい,相模原南,新磯野,141534,神奈川県,相模原市南区,新磯野,2021/3/5,17,駐車（輪）場,駐車（輪）場,ナンバープレート
窃盗,部品ねらい,相模原南,新磯野,141534,神奈川県,相模原市南区,新磯野,2021/8/4,5,その他,駐車（輪）場,ナンバープレート
窃盗,部品ねらい,相模原南,新磯野,141534,神奈川県,相模原市南区,相模台団地,2021/8/4,18,４階建て以上共同住宅,駐車（輪）場,その他
窃盗,部品ねらい,相模原南,新磯野,141534,神奈川県,相模原市南区,相武台団地１丁目,2021/6/24,18,４階建て以上共同住宅,駐車（輪）場,ナンバープレート
窃盗,部品ねらい,相模原南,新磯野,141534,神奈川県,相模原市南区,相武台団地１丁目,2021/10/20,14,４階建て以上共同住宅,駐車（輪）場,タイヤ・ホイール
窃盗,部品ねらい,相模原南,新磯野,141534,神奈川県,相模原市南区,相武台団地２丁目,2021/1/9,18,４階建て以上共同住宅,駐車（輪）場,ナンバープレート
窃盗,部品ねらい,相模原南,新磯野,141534,神奈川県,相模原市南区,相武台団地２丁目,2021/7/25,21,４階建て以上共同住宅,駐車（輪）場,ナンバープレート
窃盗,部品ねらい,相模原南,東林間,141534,神奈川県,相模原市南区,上鶴間４丁目,2021/4/11,22,駐車（輪）場,駐車（輪）場,ナンバープレート
窃盗,部品ねらい,相模原南,東林間,141534,神奈川県,相模原市南区,上鶴間５丁目,2021/5/1,11,４階建て以上共同住宅,駐車（輪）場,ナンバープレート
窃盗,部品ねらい,相模原南,東林間,141534,神奈川県,相模原市南区,上鶴間６丁目,2021/11/1,13,一戸建住宅,その他,その他
窃盗,部品ねらい,相模原南,相模大野駅前,141534,神奈川県,相模原市南区,上鶴間本町４丁目,2021/1/6,19,駐車（輪）場,駐車（輪）場,ナンバープレート
窃盗,部品ねらい,相模原南,相模大野駅前,141534,神奈川県,相模原市南区,相模大野４丁目,2021/10/10,13,４階建て以上共同住宅,駐車（輪）場,なし
窃盗,部品ねらい,相模原南,相武台,141534,神奈川県,相模原市南区,新磯野１丁目,2020/1/31,10,その他の住宅（３階建て以下共同住宅等）,その他,ナンバープレート
窃盗,部品ねらい,相模原南,相武台,141534,神奈川県,相模原市南区,新磯野５丁目,2021/4/8,17,駐車（輪）場,駐車（輪）場,ナンバープレート
窃盗,部品ねらい,相模原南,麻溝,141534,神奈川県,相模原市南区,下溝,2021/1/18,15,駐車（輪）場,駐車（輪）場,ナンバープレート
窃盗,部品ねらい,相模原南,麻溝,141534,神奈川県,相模原市南区,下溝,2021/10/9,14,その他の住宅（３階建て以下共同住宅等）,その他,その他
窃盗,部品ねらい,相模原南,麻溝,141534,神奈川県,相模原市南区,当麻,2021/4/2,19,その他の住宅（３階建て以下共同住宅等）,駐車（輪）場,ナンバープレート
窃盗,部品ねらい,相模原南,麻溝,141534,神奈川県,相模原市南区,当麻,2021/4/3,20,駐車（輪）場,駐車（輪）場,ナンバープレート
窃盗,部品ねらい,相模原南,麻溝,141534,神奈川県,相模原市南区,当麻,2021/5/4,15,駐車（輪）場,駐車（輪）場,ナンバープレート
窃盗,部品ねらい,相模原南,麻溝,141534,神奈川県,相模原市南区,当麻,2021/8/8,20,その他の住宅（３階建て以下共同住宅等）,駐車（輪）場,ナンバープレート
窃盗,部品ねらい,相模原南,麻溝,141534,神奈川県,相模原市南区,当麻,2021/11/15,20,駐車（輪）場,駐車（輪）場,ナンバープレート
窃盗,部品ねらい,相模原南,麻溝,141534,神奈川県,相模原市南区,当麻,2021/11/16,12,一戸建住宅,駐車（輪）場,ナンバープレート
窃盗,部品ねらい,相模原南,麻溝,141534,神奈川県,相模原市南区,当麻,2021/11/16,17,一戸建住宅,その他,ナンバープレート
窃盗,部品ねらい,相模原南,麻溝公園前,141534,神奈川県,相模原市南区,麻溝台,2021/5/3,5,その他,その他,ナンバープレート
窃盗,部品ねらい,相模原南,麻溝公園前,141534,神奈川県,相模原市南区,麻溝台６丁目,2021/9/13,22,一戸建住宅,駐車（輪）場,ナンバープレート
窃盗,部品ねらい,相模原南,麻溝公園前,141534,神奈川県,相模原市南区,麻溝台７丁目,2021/3/22,16,駐車（輪）場,駐車（輪）場,ナンバープレート
窃盗,部品ねらい,相模原南,麻溝公園前,141534,神奈川県,相模原市南区,麻溝台８丁目,2021/4/8,16,駐車（輪）場,駐車（輪）場,ナンバープレート
窃盗,部品ねらい,相模原南,麻溝公園前,141534,神奈川県,相模原市南区,麻溝台８丁目,2021/9/20,16,４階建て以上共同住宅,駐車（輪）場,ナンバープレート
窃盗,部品ねらい,相模原南,麻溝公園前,141534,神奈川県,相模原市南区,御園４丁目,2020/11/4,12,駐車（輪）場,駐車（輪）場,ナンバープレート
窃盗,部品ねらい,相模原南,麻溝公園前,141534,神奈川県,相模原市南区,御園４丁目,2021/11/30,7,その他の住宅（３階建て以下共同住宅等）,駐車（輪）場,ナンバープレート
窃盗,部品ねらい,座間,ひばりが丘,142166,神奈川県,座間市,東原２丁目,2021/3/20,19,４階建て以上共同住宅,駐車（輪）場,その他
窃盗,部品ねらい,座間,座間駅前,142166,神奈川県,座間市,入谷西４丁目,2021/1/8,16,その他の住宅（３階建て以下共同住宅等）,駐車（輪）場,ナンバープレート
窃盗,部品ねらい,座間,栗原,142166,神奈川県,座間市,南栗原４丁目,2021/6/19,17,道路上,その他,ナンバープレート
窃盗,部品ねらい,座間,栗原,142166,神奈川県,座間市,栗原中央５丁目,2021/4/11,12,一戸建住宅,駐車（輪）場,ナンバープレート
窃盗,部品ねらい,座間,栗原,142166,神奈川県,座間市,西栗原１丁目,2021/1/1,13,その他の住宅（３階建て以下共同住宅等）,駐車（輪）場,ナンバープレート
窃盗,部品ねらい,座間,相模が丘,142166,神奈川県,座間市,相模が丘１丁目,2021/9/14,18,その他の住宅（３階建て以下共同住宅等）,駐車（輪）場,その他
窃盗,部品ねらい,座間,相模が丘,142166,神奈川県,座間市,広野台１丁目,2021/5/28,17,その他,駐車（輪）場,その他
窃盗,部品ねらい,座間,相模が丘,142166,神奈川県,座間市,広野台１丁目,2021/11/21,10,その他,駐車（輪）場,ナンバープレート
窃盗,部品ねらい,海老名,かしわ台駅前,142158,神奈川県,海老名市,柏ケ谷,2021/4/7,17,駐車（輪）場,駐車（輪）場,ナンバープレート
窃盗,部品ねらい,海老名,かしわ台駅前,142158,神奈川県,海老名市,柏ケ谷,2021/4/7,20,駐車（輪）場,駐車（輪）場,ナンバープレート
窃盗,部品ねらい,海老名,かしわ台駅前,142158,神奈川県,海老名市,柏ケ谷,2021/9/11,16,駐車（輪）場,駐車（輪）場,ナンバープレート
窃盗,部品ねらい,海老名,かしわ台駅前,142158,神奈川県,海老名市,上今泉５丁目,2021/4/7,16,駐車（輪）場,駐車（輪）場,ナンバープレート
窃盗,部品ねらい,海老名,さがみ野駅前,142158,神奈川県,海老名市,柏ケ谷,2021/3/4,17,駐車（輪）場,駐車（輪）場,ナンバープレート
窃盗,部品ねらい,海老名,さがみ野駅前,142158,神奈川県,海老名市,東柏ケ谷４丁目,2021/6/25,16,駐車（輪）場,駐車（輪）場,タイヤ・ホイール
窃盗,部品ねらい,海老名,国分寺台,142158,神奈川県,海老名市,浜田町,2021/4/28,16,駐車（輪）場,駐車（輪）場,ナンバープレート
窃盗,部品ねらい,海老名,国分寺台,142158,神奈川県,海老名市,大谷北１丁目,2021/2/23,17,駐車（輪）場,駐車（輪）場,ナンバープレート
窃盗,部品ねらい,海老名,国分寺台,142158,神奈川県,海老名市,大谷南４丁目,2021/5/7,15,駐車（輪）場,駐車（輪）場,ナンバープレート
窃盗,部品ねらい,海老名,国分寺台,142158,神奈川県,海老名市,杉久保北４丁目,2021/12/17,21,４階建て以上共同住宅,駐車（輪）場,その他
窃盗,部品ねらい,海老名,国分寺台,142158,神奈川県,海老名市,杉久保南１丁目,2021/6/4,20,駐車（輪）場,駐車（輪）場,ナンバープレート
窃盗,部品ねらい,海老名,有馬,142158,神奈川県,海老名市,今里２丁目,2021/11/18,20,駐車（輪）場,駐車（輪）場,ナンバープレート
窃盗,部品ねらい,海老名,有馬,142158,神奈川県,海老名市,門沢橋２丁目,2021/6/25,16,駐車（輪）場,駐車（輪）場,タイヤ・ホイール
窃盗,部品ねらい,海老名,有馬,142158,神奈川県,海老名市,門沢橋５丁目,2021/3/15,19,駐車（輪）場,駐車（輪）場,ナンバープレート
窃盗,部品ねらい,海老名,海老名駅前,142158,神奈川県,海老名市,上今泉２丁目,2021/2/25,17,駐車（輪）場,駐車（輪）場,ナンバープレート
窃盗,部品ねらい,海老名,海老名駅前,142158,神奈川県,海老名市,上今泉４丁目,2021/11/25,17,駐車（輪）場,駐車（輪）場,ナンバープレート
窃盗,部品ねらい,海老名,海老名駅前,142158,神奈川県,海老名市,国分南２丁目,2021/5/30,19,駐車（輪）場,駐車（輪）場,ナンバープレート
窃盗,部品ねらい,海老名,海老名駅前,142158,神奈川県,海老名市,めぐみ町,2021/11/20,18,駐車（輪）場,駐車（輪）場,その他
窃盗,部品ねらい,海老名,海西,142158,神奈川県,海老名市,河原口３丁目,2019/11/16,19,その他の住宅（３階建て以下共同住宅等）,駐車（輪）場,ナンバープレート
窃盗,部品ねらい,海老名,海西,142158,神奈川県,海老名市,河原口５丁目,2021/1/14,18,その他,駐車（輪）場,その他
窃盗,部品ねらい,海老名,海西,142158,神奈川県,海老名市,河原口５丁目,2021/2/4,17,その他,その他,ナンバープレート
窃盗,部品ねらい,海老名,海西,142158,神奈川県,海老名市,下今泉１丁目,2021/11/23,19,駐車（輪）場,駐車（輪）場,ナンバープレート
窃盗,部品ねらい,相模原北,下九沢,141518,神奈川県,相模原市緑区,下九沢,2021/1/30,18,駐車（輪）場,駐車（輪）場,ナンバープレート
窃盗,部品ねらい,相模原北,下九沢,141518,神奈川県,相模原市緑区,下九沢,2021/2/6,2,駐車（輪）場,駐車（輪）場,タイヤ・ホイール
窃盗,部品ねらい,相模原北,下九沢,141518,神奈川県,相模原市緑区,下九沢,2021/2/9,23,駐車（輪）場,駐車（輪）場,タイヤ・ホイール
窃盗,部品ねらい,相模原北,下九沢,141518,神奈川県,相模原市緑区,下九沢,2021/3/9,14,駐車（輪）場,駐車（輪）場,その他
窃盗,部品ねらい,相模原北,下九沢,141518,神奈川県,相模原市緑区,下九沢,2021/5/29,14,駐車（輪）場,駐車（輪）場,ナンバープレート
窃盗,部品ねらい,相模原北,下九沢,141518,神奈川県,相模原市緑区,下九沢,2021/5/30,17,一戸建住宅,駐車（輪）場,ナンバープレート
窃盗,部品ねらい,相模原北,下九沢,141518,神奈川県,相模原市緑区,下九沢,2021/10/6,16,駐車（輪）場,駐車（輪）場,その他
窃盗,部品ねらい,相模原北,大島,141518,神奈川県,相模原市緑区,大島,2021/2/14,17,駐車（輪）場,駐車（輪）場,タイヤ・ホイール
窃盗,部品ねらい,相模原北,大島,141518,神奈川県,相模原市緑区,大島,2021/4/27,22,一戸建住宅,駐車（輪）場,その他
窃盗,部品ねらい,相模原北,大島,141518,神奈川県,相模原市緑区,大島,2021/5/8,12,その他,駐車（輪）場,その他
窃盗,部品ねらい,相模原北,橋本五差路,141518,神奈川県,相模原市緑区,橋本１丁目,2021/6/16,19,４階建て以上共同住宅,駐車（輪）場,その他
窃盗,部品ねらい,相模原北,橋本駅前,141518,神奈川県,相模原市緑区,橋本６丁目,2021/4/24,6,その他の住宅（３階建て以下共同住宅等）,駐車（輪）場,ナンバープレート
窃盗,部品ねらい,相模原北,橋本駅前,141518,神奈川県,相模原市緑区,橋本８丁目,2021/1/9,8,駐車（輪）場,駐車（輪）場,その他
窃盗,部品ねらい,相模原北,橋本駅前,141518,神奈川県,相模原市緑区,橋本８丁目,2021/1/22,12,駐車（輪）場,駐車（輪）場,ナンバープレート
窃盗,部品ねらい,相模原北,相原,141518,神奈川県,相模原市緑区,上九沢,2021/11/26,5,その他の住宅（３階建て以下共同住宅等）,駐車（輪）場,ナンバープレート
窃盗,部品ねらい,相模原北,相原,141518,神奈川県,相模原市緑区,二本松２丁目,2021/10/9,16,その他の住宅（３階建て以下共同住宅等）,駐車（輪）場,ナンバープレート
