罪名,手口,管轄警察署（発生地）,管轄交番・駐在所（発生地）,市区町村コード（発生地）,都道府県（発生地）,市区町村（発生地）,町丁目（発生地）,発生年月日（始期）,発生時（始期）,発生場所,発生場所の詳細,施錠関係,現金被害の有無
窃盗,車上ねらい,南,井土ケ谷,141054,神奈川県,横浜市南区,井土ケ谷下町,2021/2/12,9,道路上,その他,施錠せず,あり
窃盗,車上ねらい,南,八幡町,141054,神奈川県,横浜市南区,中村町１丁目,2021/3/6,19,道路上,その他,施錠せず,あり
窃盗,車上ねらい,南,八幡町,141054,神奈川県,横浜市南区,中村町１丁目,2021/9/9,18,駐車（輪）場,駐車（輪）場,施錠した,なし
窃盗,車上ねらい,南,八幡町,141054,神奈川県,横浜市南区,平楽,2021/4/22,19,その他の住宅（３階建て以下共同住宅等）,駐車（輪）場,施錠した,なし
窃盗,車上ねらい,南,六ツ川,141054,神奈川県,横浜市南区,六ツ川１丁目,2021/4/5,19,その他,その他,施錠した,なし
窃盗,車上ねらい,南,六ツ川,141054,神奈川県,横浜市南区,六ツ川１丁目,2021/9/7,17,一戸建住宅,駐車（輪）場,施錠した,なし
窃盗,車上ねらい,南,別所町,141054,神奈川県,横浜市南区,中里４丁目,2021/1/14,20,一戸建住宅,駐車（輪）場,施錠した,あり
窃盗,車上ねらい,南,別所町,141054,神奈川県,横浜市南区,別所４丁目,2021/2/4,8,その他,その他,施錠せず,あり
窃盗,車上ねらい,南,別所町,141054,神奈川県,横浜市南区,別所６丁目,2021/1/14,18,駐車（輪）場,駐車（輪）場,施錠した,あり
窃盗,車上ねらい,南,別所町,141054,神奈川県,横浜市南区,別所６丁目,2021/1/14,20,その他の住宅（３階建て以下共同住宅等）,駐車（輪）場,施錠した,あり
窃盗,車上ねらい,南,南太田,141054,神奈川県,横浜市南区,清水ケ丘,2021/1/16,23,一戸建住宅,駐車（輪）場,施錠した,あり
窃盗,車上ねらい,南,吉野町,141054,神奈川県,横浜市南区,山王町３丁目,2021/9/24,22,駐車（輪）場,駐車（輪）場,施錠した,なし
窃盗,車上ねらい,南,吉野町,141054,神奈川県,横浜市南区,山王町４丁目,2021/1/19,18,道路上,その他,施錠した,あり
窃盗,車上ねらい,南,吉野町,141054,神奈川県,横浜市南区,新川町１丁目,2021/10/31,21,一戸建住宅,駐車（輪）場,施錠した,なし
窃盗,車上ねらい,南,吉野町,141054,神奈川県,横浜市南区,西中町２丁目,2021/1/25,2,道路上,その他,施錠した,あり
窃盗,車上ねらい,南,吉野町,141054,神奈川県,横浜市南区,日枝町５丁目,2021/3/25,23,道路上,その他,施錠した,なし
窃盗,車上ねらい,南,大池,141054,神奈川県,横浜市南区,永田みなみ台,2021/1/6,17,駐車（輪）場,駐車（輪）場,施錠した,なし
窃盗,車上ねらい,南,大池,141054,神奈川県,横浜市南区,六ツ川２丁目,2021/3/23,20,一戸建住宅,駐車（輪）場,施錠した,なし
窃盗,車上ねらい,南,大池,141054,神奈川県,横浜市南区,六ツ川２丁目,2021/4/14,19,一戸建住宅,駐車（輪）場,施錠せず,なし
窃盗,車上ねらい,南,大池,141054,神奈川県,横浜市南区,六ツ川４丁目,2021/2/24,22,その他の住宅（３階建て以下共同住宅等）,駐車（輪）場,施錠した,なし
窃盗,車上ねらい,南,東蒔田町,141054,神奈川県,横浜市南区,蒔田町,2021/3/14,20,一戸建住宅,駐車（輪）場,施錠した,あり
窃盗,車上ねらい,南,浦舟町,141054,神奈川県,横浜市南区,永楽町２丁目,2021/10/13,13,道路上,その他,施錠せず,あり
窃盗,車上ねらい,南,浦舟町,141054,神奈川県,横浜市南区,白妙町２丁目,2021/9/23,18,駐車（輪）場,駐車（輪）場,施錠した,なし
窃盗,車上ねらい,南,浦舟町,141054,神奈川県,横浜市南区,白妙町４丁目,2021/10/13,21,道路上,その他,施錠した,あり
窃盗,車上ねらい,南,浦舟町,141054,神奈川県,横浜市南区,高根町３丁目,2021/1/15,21,駐車（輪）場,駐車（輪）場,施錠した,なし
窃盗,車上ねらい,南,浦舟町,141054,神奈川県,横浜市南区,高根町３丁目,2021/10/14,22,道路上,その他,施錠せず,あり
窃盗,車上ねらい,南,浦舟町,141054,神奈川県,横浜市南区,真金町２丁目,2021/4/13,20,駐車（輪）場,駐車（輪）場,施錠した,なし
窃盗,車上ねらい,南,通町,141054,神奈川県,横浜市南区,大岡１丁目,2021/3/14,19,駐車（輪）場,駐車（輪）場,施錠した,あり
窃盗,車上ねらい,南,通町,141054,神奈川県,横浜市南区,大岡２丁目,2021/5/11,9,道路上,その他,施錠せず,あり
窃盗,車上ねらい,南,通町,141054,神奈川県,横浜市南区,大橋町３丁目,2021/10/30,18,駐車（輪）場,駐車（輪）場,施錠した,なし
窃盗,車上ねらい,南,通町,141054,神奈川県,横浜市南区,中島町２丁目,2021/1/10,15,駐車（輪）場,駐車（輪）場,施錠した,なし
窃盗,車上ねらい,南,通町,141054,神奈川県,横浜市南区,宮元町１丁目,2021/3/25,21,駐車（輪）場,駐車（輪）場,施錠した,あり
窃盗,車上ねらい,南,通町,141054,神奈川県,横浜市南区,宮元町１丁目,2021/5/17,23,その他,その他,施錠せず,あり
窃盗,車上ねらい,大和,つきみ野駅前,142131,神奈川県,大和市,下鶴間,2021/3/21,22,その他の住宅（３階建て以下共同住宅等）,駐車（輪）場,施錠せず,なし
窃盗,車上ねらい,大和,つきみ野駅前,142131,神奈川県,大和市,下鶴間,2021/4/22,20,その他の住宅（３階建て以下共同住宅等）,駐車（輪）場,施錠した,なし
窃盗,車上ねらい,大和,つきみ野駅前,142131,神奈川県,大和市,下鶴間,2021/6/7,19,その他の住宅（３階建て以下共同住宅等）,駐車（輪）場,施錠せず,なし
窃盗,車上ねらい,大和,つきみ野駅前,142131,神奈川県,大和市,下鶴間,2021/7/5,23,その他の住宅（３階建て以下共同住宅等）,駐車（輪）場,施錠せず,なし
窃盗,車上ねらい,大和,下鶴間,142131,神奈川県,大和市,下鶴間,2021/1/16,5,駐車（輪）場,駐車（輪）場,施錠せず,あり
窃盗,車上ねらい,大和,下鶴間,142131,神奈川県,大和市,下鶴間,2021/3/7,18,一戸建住宅,駐車（輪）場,施錠した,なし
窃盗,車上ねらい,大和,下鶴間,142131,神奈川県,大和市,下鶴間,2021/4/2,19,駐車（輪）場,駐車（輪）場,施錠した,なし
窃盗,車上ねらい,大和,下鶴間,142131,神奈川県,大和市,下鶴間,2021/5/11,9,道路上,その他,施錠せず,あり
窃盗,車上ねらい,大和,下鶴間,142131,神奈川県,大和市,下鶴間,2021/5/27,9,道路上,その他,施錠せず,あり
窃盗,車上ねらい,大和,中央林間,142131,神奈川県,大和市,中央林間１丁目,2021/5/2,9,道路上,その他,施錠せず,あり
窃盗,車上ねらい,大和,中央林間,142131,神奈川県,大和市,中央林間１丁目,2021/6/8,8,４階建て以上共同住宅,駐車（輪）場,施錠せず,あり
窃盗,車上ねらい,大和,中央林間,142131,神奈川県,大和市,中央林間２丁目,2021/9/15,19,４階建て以上共同住宅,駐車（輪）場,施錠した,なし
窃盗,車上ねらい,大和,中央林間,142131,神奈川県,大和市,中央林間５丁目,2021/3/8,17,駐車（輪）場,駐車（輪）場,施錠した,なし
窃盗,車上ねらい,大和,中央林間,142131,神奈川県,大和市,南林間４丁目,2021/11/12,18,駐車（輪）場,駐車（輪）場,施錠した,なし
窃盗,車上ねらい,大和,中央林間,142131,神奈川県,大和市,中央林間西１丁目,2021/6/17,13,一戸建住宅,駐車（輪）場,施錠せず,なし
窃盗,車上ねらい,大和,中央林間,142131,神奈川県,大和市,中央林間西２丁目,2021/4/12,9,道路上,その他,施錠せず,あり
窃盗,車上ねらい,大和,中央林間,142131,神奈川県,大和市,中央林間西４丁目,2021/4/27,18,駐車（輪）場,駐車（輪）場,施錠した,あり
窃盗,車上ねらい,大和,南林間駅前,142131,神奈川県,大和市,南林間１丁目,2021/4/19,17,道路上,その他,施錠せず,あり
窃盗,車上ねらい,大和,南林間駅前,142131,神奈川県,大和市,南林間１丁目,2021/8/10,16,駐車（輪）場,駐車（輪）場,施錠せず,なし
窃盗,車上ねらい,大和,南林間駅前,142131,神奈川県,大和市,南林間１丁目,2021/11/29,0,駐車（輪）場,駐車（輪）場,施錠せず,あり
窃盗,車上ねらい,大和,南林間駅前,142131,神奈川県,大和市,南林間２丁目,2021/6/15,9,一戸建住宅,駐車（輪）場,施錠せず,なし
窃盗,車上ねらい,大和,南林間駅前,142131,神奈川県,大和市,南林間２丁目,2021/6/15,9,道路上,その他,施錠せず,あり
窃盗,車上ねらい,大和,南林間駅前,142131,神奈川県,大和市,南林間３丁目,2021/5/14,12,道路上,その他,施錠せず,なし
窃盗,車上ねらい,大和,南林間駅前,142131,神奈川県,大和市,南林間３丁目,2021/5/31,10,道路上,その他,施錠せず,なし
窃盗,車上ねらい,大和,南林間駅前,142131,神奈川県,大和市,南林間５丁目,2021/4/4,18,４階建て以上共同住宅,その他,施錠せず,あり
窃盗,車上ねらい,大和,南林間駅前,142131,神奈川県,大和市,南林間８丁目,2021/3/16,9,道路上,その他,施錠せず,あり
窃盗,車上ねらい,大和,南林間駅前,142131,神奈川県,大和市,南林間８丁目,2021/4/12,12,道路上,その他,施錠せず,あり
窃盗,車上ねらい,大和,南林間駅前,142131,神奈川県,大和市,南林間８丁目,2021/6/18,8,道路上,その他,施錠せず,あり
窃盗,車上ねらい,大和,大和駅前,142131,神奈川県,大和市,上草柳１丁目,2021/3/8,13,４階建て以上共同住宅,駐車（輪）場,施錠した,なし
窃盗,車上ねらい,大和,大和駅前,142131,神奈川県,大和市,草柳２丁目,2021/6/28,10,道路上,その他,施錠せず,あり
窃盗,車上ねらい,大和,大和駅前,142131,神奈川県,大和市,中央２丁目,2021/5/29,10,一戸建住宅,その他,施錠せず,あり
窃盗,車上ねらい,大和,大和駅前,142131,神奈川県,大和市,中央５丁目,2021/6/11,12,その他の住宅（３階建て以下共同住宅等）,駐車（輪）場,施錠せず,あり
窃盗,車上ねらい,大和,大和駅前,142131,神奈川県,大和市,深見,2021/2/8,18,駐車（輪）場,駐車（輪）場,施錠した,あり
窃盗,車上ねらい,大和,大和駅前,142131,神奈川県,大和市,深見,2021/2/13,16,駐車（輪）場,駐車（輪）場,施錠した,なし
窃盗,車上ねらい,大和,大和駅前,142131,神奈川県,大和市,柳橋１丁目,2021/1/11,15,道路上,その他,施錠せず,あり
窃盗,車上ねらい,大和,大和駅前,142131,神奈川県,大和市,大和東２丁目,2021/4/17,16,４階建て以上共同住宅,駐車（輪）場,施錠した,なし
窃盗,車上ねらい,大和,大和駅前,142131,神奈川県,大和市,大和南２丁目,2021/3/27,18,駐車（輪）場,駐車（輪）場,施錠した,なし
窃盗,車上ねらい,大和,大和駅前,142131,神奈川県,大和市,深見西２丁目,2021/3/20,15,道路上,その他,施錠せず,あり
窃盗,車上ねらい,大和,寺尾,142182,神奈川県,綾瀬市,大上３丁目,2021/8/12,8,道路上,その他,施錠せず,あり
窃盗,車上ねらい,大和,寺尾,142182,神奈川県,綾瀬市,小園,2021/4/1,20,駐車（輪）場,駐車（輪）場,施錠した,あり
窃盗,車上ねらい,大和,寺尾,142182,神奈川県,綾瀬市,小園,2021/6/28,19,駐車（輪）場,駐車（輪）場,施錠した,なし
窃盗,車上ねらい,大和,寺尾,142182,神奈川県,綾瀬市,寺尾北１丁目,2021/11/21,22,一戸建住宅,駐車（輪）場,施錠した,あり
窃盗,車上ねらい,大和,寺尾,142182,神奈川県,綾瀬市,寺尾中４丁目,2021/1/12,17,その他,その他,施錠せず,あり
窃盗,車上ねらい,大和,寺尾,142182,神奈川県,綾瀬市,寺尾台２丁目,2021/6/19,8,一戸建住宅,駐車（輪）場,施錠せず,あり
窃盗,車上ねらい,大和,寺尾,142182,神奈川県,綾瀬市,寺尾本町３丁目,2021/10/19,8,道路上,その他,施錠せず,あり
窃盗,車上ねらい,大和,桜ヶ丘,142131,神奈川県,大和市,上和田,2021/12/20,17,その他,その他,施錠せず,あり
窃盗,車上ねらい,大和,桜ヶ丘,142131,神奈川県,大和市,福田,2021/5/12,20,駐車（輪）場,駐車（輪）場,施錠した,あり
窃盗,車上ねらい,大和,桜ヶ丘,142131,神奈川県,大和市,福田３丁目,2021/1/18,8,一戸建住宅,駐車（輪）場,施錠せず,あり
窃盗,車上ねらい,大和,桜ヶ丘,142131,神奈川県,大和市,柳橋４丁目,2021/8/18,13,道路上,その他,施錠せず,あり
窃盗,車上ねらい,大和,深谷,142182,神奈川県,綾瀬市,深谷上１丁目,2021/9/7,12,駐車（輪）場,駐車（輪）場,施錠せず,なし
窃盗,車上ねらい,大和,深谷,142182,神奈川県,綾瀬市,深谷上６丁目,2021/10/28,17,駐車（輪）場,駐車（輪）場,施錠した,なし
窃盗,車上ねらい,大和,相模大塚駅前,142182,神奈川県,綾瀬市,大上９丁目,2021/3/27,11,道路上,その他,施錠せず,あり
窃盗,車上ねらい,大和,福田,142131,神奈川県,大和市,上和田,2021/2/15,9,その他,駐車（輪）場,施錠した,あり
窃盗,車上ねらい,大和,福田,142131,神奈川県,大和市,上和田,2021/11/2,19,一戸建住宅,駐車（輪）場,施錠した,なし
窃盗,車上ねらい,大和,福田,142131,神奈川県,大和市,上和田,2021/11/2,22,駐車（輪）場,駐車（輪）場,施錠した,あり
窃盗,車上ねらい,大和,福田,142131,神奈川県,大和市,下和田,2021/11/10,21,駐車（輪）場,駐車（輪）場,施錠した,あり
窃盗,車上ねらい,大和,福田,142131,神奈川県,大和市,代官１丁目,2021/3/20,14,道路上,その他,施錠せず,あり
窃盗,車上ねらい,大和,福田,142131,神奈川県,大和市,福田,2021/7/29,21,一戸建住宅,駐車（輪）場,施錠した,あり
窃盗,車上ねらい,大和,福田,142131,神奈川県,大和市,福田,2021/10/16,20,一戸建住宅,駐車（輪）場,施錠した,あり
窃盗,車上ねらい,大和,福田,142131,神奈川県,大和市,渋谷７丁目,2021/4/20,18,その他の住宅（３階建て以下共同住宅等）,駐車（輪）場,施錠せず,なし
窃盗,車上ねらい,大和,福田,142131,神奈川県,大和市,渋谷７丁目,2021/4/25,2,駐車（輪）場,駐車（輪）場,施錠した,あり
窃盗,車上ねらい,大和,綾瀬地区,142182,神奈川県,綾瀬市,早川,2020/12/5,18,一戸建住宅,駐車（輪）場,施錠せず,なし
窃盗,車上ねらい,大和,綾瀬地区,142182,神奈川県,綾瀬市,早川,2021/11/11,20,駐車（輪）場,駐車（輪）場,施錠した,なし
窃盗,車上ねらい,大和,鶴間駅前,142131,神奈川県,大和市,下鶴間２丁目,2021/6/13,22,駐車（輪）場,駐車（輪）場,施錠せず,あり
窃盗,車上ねらい,大和,鶴間駅前,142131,神奈川県,大和市,鶴間１丁目,2021/2/6,16,一戸建住宅,駐車（輪）場,施錠せず,あり
窃盗,車上ねらい,大和,鶴間駅前,142131,神奈川県,大和市,西鶴間１丁目,2021/4/15,17,道路上,その他,施錠せず,なし
窃盗,車上ねらい,大和,鶴間駅前,142131,神奈川県,大和市,西鶴間４丁目,2021/8/21,13,一戸建住宅,その他,施錠せず,あり
窃盗,車上ねらい,大和,鶴間駅前,142131,神奈川県,大和市,西鶴間６丁目,2021/2/11,19,駐車（輪）場,駐車（輪）場,施錠せず,なし
窃盗,車上ねらい,大和,鶴間駅前,142131,神奈川県,大和市,西鶴間６丁目,2021/5/6,14,一戸建住宅,駐車（輪）場,施錠せず,あり
窃盗,車上ねらい,泉,いずみ野駅前,141160,神奈川県,横浜市泉区,和泉町,2021/2/5,22,駐車（輪）場,駐車（輪）場,施錠した,なし
窃盗,車上ねらい,泉,いずみ野駅前,141160,神奈川県,横浜市泉区,和泉町,2021/12/3,19,その他,その他,施錠せず,あり
窃盗,車上ねらい,泉,いずみ野駅前,141160,神奈川県,横浜市泉区,上飯田町,2021/4/5,18,その他,その他,施錠した,なし
窃盗,車上ねらい,泉,いずみ野駅前,141160,神奈川県,横浜市泉区,上飯田町,2021/7/26,12,その他,その他,施錠した,なし
窃盗,車上ねらい,泉,上飯田,141160,神奈川県,横浜市泉区,上飯田町,2021/2/4,19,駐車（輪）場,駐車（輪）場,施錠した,なし
窃盗,車上ねらい,泉,上飯田,141160,神奈川県,横浜市泉区,上飯田町,2021/2/26,15,その他,駐車（輪）場,施錠せず,なし
窃盗,車上ねらい,泉,上飯田,141160,神奈川県,横浜市泉区,上飯田町,2021/3/20,14,その他,駐車（輪）場,施錠した,なし
窃盗,車上ねらい,泉,上飯田,141160,神奈川県,横浜市泉区,上飯田町,2021/7/12,21,一戸建住宅,駐車（輪）場,施錠した,あり
窃盗,車上ねらい,泉,上飯田,141160,神奈川県,横浜市泉区,上飯田町,2021/7/29,21,道路上,その他,施錠した,あり
窃盗,車上ねらい,泉,上飯田,141160,神奈川県,横浜市泉区,上飯田町,2021/9/29,19,駐車（輪）場,駐車（輪）場,施錠した,なし
窃盗,車上ねらい,泉,下和泉,141160,神奈川県,横浜市泉区,和泉が丘１丁目,2021/2/24,18,その他,駐車（輪）場,施錠せず,なし
窃盗,車上ねらい,泉,中田,141160,神奈川県,横浜市泉区,中田南５丁目,2020/7/19,12,駐車（輪）場,駐車（輪）場,施錠せず,なし
窃盗,車上ねらい,泉,和泉,141160,神奈川県,横浜市泉区,和泉町,2021/9/3,7,駐車（輪）場,駐車（輪）場,施錠した,なし
窃盗,車上ねらい,泉,和泉,141160,神奈川県,横浜市泉区,和泉中央北２丁目,2021/2/16,19,その他,その他,施錠せず,なし
窃盗,車上ねらい,泉,和泉,141160,神奈川県,横浜市泉区,和泉中央北２丁目,2021/6/18,13,一戸建住宅,その他,施錠せず,あり
窃盗,車上ねらい,泉,弥生台駅前,141160,神奈川県,横浜市泉区,弥生台,2021/6/9,13,その他の住宅（３階建て以下共同住宅等）,駐車（輪）場,施錠した,あり
窃盗,車上ねらい,泉,緑園都市駅前,141160,神奈川県,横浜市泉区,緑園６丁目,2021/3/1,18,駐車（輪）場,駐車（輪）場,施錠した,なし
窃盗,車上ねらい,戸塚,上矢部,141101,神奈川県,横浜市戸塚区,上矢部町,2021/3/27,10,その他,駐車（輪）場,施錠した,なし
窃盗,車上ねらい,戸塚,上矢部,141101,神奈川県,横浜市戸塚区,上矢部町,2021/5/16,11,その他,駐車（輪）場,施錠せず,あり
窃盗,車上ねらい,戸塚,上矢部,141101,神奈川県,横浜市戸塚区,名瀬町,2021/2/6,15,その他の住宅（３階建て以下共同住宅等）,駐車（輪）場,施錠した,なし
窃盗,車上ねらい,戸塚,上矢部,141101,神奈川県,横浜市戸塚区,名瀬町,2021/9/8,8,道路上,その他,施錠せず,あり
窃盗,車上ねらい,戸塚,下倉田,141101,神奈川県,横浜市戸塚区,下倉田町,2021/1/16,10,道路上,その他,施錠せず,あり
窃盗,車上ねらい,戸塚,下倉田,141101,神奈川県,横浜市戸塚区,下倉田町,2021/1/19,10,一戸建住宅,駐車（輪）場,施錠した,あり
窃盗,車上ねらい,戸塚,下倉田,141101,神奈川県,横浜市戸塚区,下倉田町,2021/1/21,15,その他,その他,施錠せず,あり
窃盗,車上ねらい,戸塚,下倉田,141101,神奈川県,横浜市戸塚区,下倉田町,2021/1/22,21,その他の住宅（３階建て以下共同住宅等）,駐車（輪）場,施錠せず,なし
窃盗,車上ねらい,戸塚,下倉田,141101,神奈川県,横浜市戸塚区,下倉田町,2021/6/23,17,駐車（輪）場,駐車（輪）場,施錠せず,なし
窃盗,車上ねらい,戸塚,不動坂,141101,神奈川県,横浜市戸塚区,上矢部町,2021/11/24,21,駐車（輪）場,駐車（輪）場,施錠した,なし
窃盗,車上ねらい,戸塚,原宿,141101,神奈川県,横浜市戸塚区,小雀町,2021/4/3,20,一戸建住宅,駐車（輪）場,施錠した,なし
窃盗,車上ねらい,戸塚,原宿,141101,神奈川県,横浜市戸塚区,戸塚町,2020/12/29,18,駐車（輪）場,駐車（輪）場,施錠せず,あり
窃盗,車上ねらい,戸塚,原宿,141101,神奈川県,横浜市戸塚区,戸塚町,2021/2/23,17,その他,その他,施錠した,なし
窃盗,車上ねらい,戸塚,原宿,141101,神奈川県,横浜市戸塚区,原宿４丁目,2021/2/2,18,その他,駐車（輪）場,施錠した,なし
窃盗,車上ねらい,戸塚,平戸,141101,神奈川県,横浜市戸塚区,平戸町,2021/3/30,17,駐車（輪）場,駐車（輪）場,施錠した,あり
窃盗,車上ねらい,戸塚,平戸,141101,神奈川県,横浜市戸塚区,平戸町,2021/6/10,19,４階建て以上共同住宅,その他,施錠せず,あり
窃盗,車上ねらい,戸塚,平戸,141101,神奈川県,横浜市戸塚区,平戸２丁目,2021/8/30,17,駐車（輪）場,駐車（輪）場,施錠した,なし
窃盗,車上ねらい,戸塚,平戸,141101,神奈川県,横浜市戸塚区,平戸２丁目,2021/11/14,14,その他,駐車（輪）場,施錠せず,なし
窃盗,車上ねらい,戸塚,戸塚駅東口,141101,神奈川県,横浜市戸塚区,上倉田町,2021/3/19,20,駐車（輪）場,駐車（輪）場,施錠した,なし
窃盗,車上ねらい,戸塚,戸塚駅東口,141101,神奈川県,横浜市戸塚区,矢部町,2021/1/12,20,駐車（輪）場,駐車（輪）場,施錠した,なし
窃盗,車上ねらい,戸塚,戸塚駅東口,141101,神奈川県,横浜市戸塚区,矢部町,2021/1/19,19,駐車（輪）場,駐車（輪）場,施錠した,あり
窃盗,車上ねらい,戸塚,戸塚駅東口,141101,神奈川県,横浜市戸塚区,矢部町,2021/1/20,21,一戸建住宅,駐車（輪）場,施錠せず,なし
窃盗,車上ねらい,戸塚,戸塚駅西口,141101,神奈川県,横浜市戸塚区,戸塚町,2021/1/20,21,その他,その他,施錠せず,なし
窃盗,車上ねらい,戸塚,戸塚駅西口,141101,神奈川県,横浜市戸塚区,戸塚町,2021/2/10,21,駐車（輪）場,駐車（輪）場,施錠した,なし
窃盗,車上ねらい,戸塚,戸塚駅西口,141101,神奈川県,横浜市戸塚区,戸塚町,2021/4/25,12,その他,駐車（輪）場,施錠した,なし
窃盗,車上ねらい,戸塚,戸塚駅西口,141101,神奈川県,横浜市戸塚区,戸塚町,2021/5/15,11,その他,駐車（輪）場,施錠した,なし
窃盗,車上ねらい,戸塚,戸塚駅西口,141101,神奈川県,横浜市戸塚区,戸塚町,2021/8/26,11,駐車（輪）場,駐車（輪）場,施錠せず,なし
窃盗,車上ねらい,戸塚,柏尾,141101,神奈川県,横浜市戸塚区,名瀬町,2021/11/24,15,駐車（輪）場,駐車（輪）場,施錠した,なし
窃盗,車上ねらい,戸塚,柏尾,141101,神奈川県,横浜市戸塚区,前田町,2021/4/29,18,駐車（輪）場,駐車（輪）場,施錠した,なし
窃盗,車上ねらい,戸塚,深谷,141101,神奈川県,横浜市戸塚区,深谷町,2021/2/8,18,一戸建住宅,駐車（輪）場,施錠した,なし
窃盗,車上ねらい,戸塚,深谷,141101,神奈川県,横浜市戸塚区,原宿１丁目,2021/3/18,15,その他,その他,施錠せず,なし
窃盗,車上ねらい,戸塚,踊場,141101,神奈川県,横浜市戸塚区,汲沢１丁目,2021/6/9,15,道路上,その他,施錠せず,あり
窃盗,車上ねらい,戸塚,踊場,141101,神奈川県,横浜市戸塚区,汲沢６丁目,2021/3/19,22,駐車（輪）場,駐車（輪）場,施錠せず,なし
窃盗,車上ねらい,旭,ひかりが丘,141127,神奈川県,横浜市旭区,上白根町,2021/2/7,12,その他,駐車（輪）場,施錠した,あり
窃盗,車上ねらい,旭,ひかりが丘,141127,神奈川県,横浜市旭区,上白根町,2021/5/4,18,その他,駐車（輪）場,施錠せず,なし
窃盗,車上ねらい,旭,上川井,141127,神奈川県,横浜市旭区,上川井町,2021/5/1,16,道路上,その他,施錠した,なし
窃盗,車上ねらい,旭,上川井,141127,神奈川県,横浜市旭区,川井本町,2020/12/29,16,駐車（輪）場,駐車（輪）場,施錠した,なし
窃盗,車上ねらい,旭,上川井,141127,神奈川県,横浜市旭区,川井本町,2021/2/2,21,一戸建住宅,駐車（輪）場,施錠した,あり
窃盗,車上ねらい,旭,二俣川,141127,神奈川県,横浜市旭区,さちが丘,2021/3/24,18,４階建て以上共同住宅,駐車（輪）場,施錠した,なし
窃盗,車上ねらい,旭,二俣川,141127,神奈川県,横浜市旭区,二俣川１丁目,2021/5/18,13,駐車（輪）場,駐車（輪）場,施錠せず,あり
窃盗,車上ねらい,旭,二俣川,141127,神奈川県,横浜市旭区,中沢１丁目,2021/11/26,16,駐車（輪）場,駐車（輪）場,施錠した,なし
窃盗,車上ねらい,旭,二俣川,141127,神奈川県,横浜市旭区,中沢１丁目,2021/11/28,16,駐車（輪）場,駐車（輪）場,施錠した,なし
窃盗,車上ねらい,旭,南希望が丘,141127,神奈川県,横浜市旭区,柏町,2021/5/14,9,道路上,その他,施錠せず,あり
窃盗,車上ねらい,旭,南希望が丘,141127,神奈川県,横浜市旭区,柏町,2021/7/15,11,道路上,その他,施錠せず,あり
窃盗,車上ねらい,旭,南希望が丘,141127,神奈川県,横浜市旭区,善部町,2021/5/4,17,４階建て以上共同住宅,駐車（輪）場,施錠した,なし
窃盗,車上ねらい,旭,南希望が丘,141127,神奈川県,横浜市旭区,善部町,2021/5/4,18,その他の住宅（３階建て以下共同住宅等）,駐車（輪）場,施錠した,なし
窃盗,車上ねらい,旭,南希望が丘,141127,神奈川県,横浜市旭区,万騎が原,2021/5/31,15,道路上,その他,施錠した,あり
窃盗,車上ねらい,旭,市沢,141127,神奈川県,横浜市旭区,市沢町,2021/1/28,21,駐車（輪）場,駐車（輪）場,施錠せず,あり
窃盗,車上ねらい,旭,市沢,141127,神奈川県,横浜市旭区,小高町,2021/1/28,17,駐車（輪）場,駐車（輪）場,施錠した,あり
窃盗,車上ねらい,旭,希望が丘,141127,神奈川県,横浜市旭区,中希望が丘,2021/7/14,13,道路上,その他,施錠せず,なし
窃盗,車上ねらい,旭,希望が丘,141127,神奈川県,横浜市旭区,東希望が丘,2021/5/19,17,駐車（輪）場,駐車（輪）場,施錠した,なし
窃盗,車上ねらい,旭,都岡,141127,神奈川県,横浜市旭区,下川井町,2021/4/18,11,その他,駐車（輪）場,施錠せず,あり
窃盗,車上ねらい,旭,鶴ケ峰,141127,神奈川県,横浜市旭区,川島町,2021/9/5,9,駐車（輪）場,駐車（輪）場,施錠した,あり
窃盗,車上ねらい,旭,鶴ケ峰,141127,神奈川県,横浜市旭区,鶴ケ峰１丁目,2021/2/2,19,駐車（輪）場,駐車（輪）場,施錠した,なし
窃盗,車上ねらい,旭,鶴ケ峰,141127,神奈川県,横浜市旭区,鶴ケ峰２丁目,2021/4/2,10,道路上,その他,施錠せず,あり
窃盗,車上ねらい,旭,鶴ケ峰,141127,神奈川県,横浜市旭区,鶴ケ峰２丁目,2021/4/17,10,道路上,その他,施錠した,あり
窃盗,車上ねらい,加賀町,元町,141046,神奈川県,横浜市中区,新山下１丁目,2021/2/21,17,その他,駐車（輪）場,施錠した,なし
窃盗,車上ねらい,加賀町,元町,141046,神奈川県,横浜市中区,山下町,2021/1/8,8,道路上,その他,施錠せず,なし
窃盗,車上ねらい,加賀町,元町,141046,神奈川県,横浜市中区,山下町,2021/2/24,18,駐車（輪）場,駐車（輪）場,施錠した,あり
窃盗,車上ねらい,加賀町,尾上町,141046,神奈川県,横浜市中区,相生町５丁目,2021/7/28,19,駐車（輪）場,駐車（輪）場,施錠した,あり
窃盗,車上ねらい,加賀町,尾上町,141046,神奈川県,横浜市中区,住吉町３丁目,2021/3/16,18,その他,駐車（輪）場,施錠した,なし
窃盗,車上ねらい,加賀町,尾上町,141046,神奈川県,横浜市中区,住吉町５丁目,2021/8/28,15,駐車（輪）場,駐車（輪）場,施錠した,なし
窃盗,車上ねらい,加賀町,尾上町,141046,神奈川県,横浜市中区,港町１丁目,2021/2/2,6,道路上,その他,施錠せず,なし
窃盗,車上ねらい,加賀町,山下町,141046,神奈川県,横浜市中区,山下町,2021/5/3,15,駐車（輪）場,駐車（輪）場,施錠した,なし
窃盗,車上ねらい,加賀町,山下町,141046,神奈川県,横浜市中区,山下町,2021/12/13,15,その他,その他,施錠せず,なし
窃盗,車上ねらい,山手,山元町,141046,神奈川県,横浜市中区,西竹之丸,2020/12/29,23,その他の住宅（３階建て以下共同住宅等）,駐車（輪）場,施錠した,あり
窃盗,車上ねらい,山手,山元町,141046,神奈川県,横浜市中区,西竹之丸,2021/4/16,17,一戸建住宅,駐車（輪）場,施錠した,あり
窃盗,車上ねらい,山手,山手駅前,141046,神奈川県,横浜市中区,竹之丸,2021/10/24,17,駐車（輪）場,駐車（輪）場,施錠した,なし
窃盗,車上ねらい,山手,山手駅前,141046,神奈川県,横浜市中区,竹之丸,2021/11/18,22,その他の住宅（３階建て以下共同住宅等）,駐車（輪）場,施錠した,なし
窃盗,車上ねらい,山手,山手駅前,141046,神奈川県,横浜市中区,豆口台,2021/4/22,19,一戸建住宅,駐車（輪）場,施錠した,あり
窃盗,車上ねらい,山手,本牧三之谷,141046,神奈川県,横浜市中区,本牧原,2021/2/12,21,駐車（輪）場,駐車（輪）場,施錠した,あり
窃盗,車上ねらい,山手,本牧三之谷,141046,神奈川県,横浜市中区,本牧原,2021/11/26,14,道路上,その他,施錠せず,あり
窃盗,車上ねらい,山手,根岸,141046,神奈川県,横浜市中区,根岸町２丁目,2021/4/17,19,その他の住宅（３階建て以下共同住宅等）,駐車（輪）場,施錠した,あり
窃盗,車上ねらい,山手,根岸,141046,神奈川県,横浜市中区,根岸町３丁目,2020/1/6,18,駐車（輪）場,駐車（輪）場,施錠した,なし
窃盗,車上ねらい,磯子,上中里,141071,神奈川県,横浜市磯子区,栗木２丁目,2021/2/24,7,その他の住宅（３階建て以下共同住宅等）,駐車（輪）場,施錠した,なし
窃盗,車上ねらい,磯子,丸山,141071,神奈川県,横浜市磯子区,滝頭２丁目,2021/1/21,19,一戸建住宅,駐車（輪）場,施錠した,あり
窃盗,車上ねらい,磯子,丸山,141071,神奈川県,横浜市磯子区,滝頭２丁目,2021/1/21,22,一戸建住宅,駐車（輪）場,施錠した,あり
窃盗,車上ねらい,磯子,丸山,141071,神奈川県,横浜市磯子区,久木町,2021/7/17,2,その他,その他,施錠せず,あり
窃盗,車上ねらい,磯子,丸山,141071,神奈川県,横浜市磯子区,丸山２丁目,2021/9/25,18,駐車（輪）場,駐車（輪）場,施錠した,なし
窃盗,車上ねらい,磯子,丸山,141071,神奈川県,横浜市磯子区,丸山２丁目,2021/9/26,20,駐車（輪）場,駐車（輪）場,施錠した,あり
窃盗,車上ねらい,磯子,岡村,141071,神奈川県,横浜市磯子区,岡村３丁目,2021/9/19,20,駐車（輪）場,駐車（輪）場,施錠した,あり
窃盗,車上ねらい,磯子,岡村,141071,神奈川県,横浜市磯子区,岡村３丁目,2021/9/24,20,駐車（輪）場,駐車（輪）場,施錠した,なし
窃盗,車上ねらい,磯子,根岸駅前,141071,神奈川県,横浜市磯子区,上町,2021/7/25,2,その他の住宅（３階建て以下共同住宅等）,その他,施錠せず,なし
窃盗,車上ねらい,磯子,根岸駅前,141071,神奈川県,横浜市磯子区,原町,2021/2/14,5,駐車（輪）場,駐車（輪）場,施錠した,なし
窃盗,車上ねらい,磯子,根岸駅前,141071,神奈川県,横浜市磯子区,東町,2021/4/17,22,駐車（輪）場,駐車（輪）場,施錠した,あり
窃盗,車上ねらい,磯子,磯子駅前,141071,神奈川県,横浜市磯子区,磯子３丁目,2021/11/26,11,その他,駐車（輪）場,施錠せず,あり
窃盗,車上ねらい,金沢,六浦,141089,神奈川県,横浜市金沢区,六浦３丁目,2021/9/22,8,４階建て以上共同住宅,駐車（輪）場,施錠せず,あり
窃盗,車上ねらい,金沢,六浦川,141089,神奈川県,横浜市金沢区,六浦南４丁目,2021/2/24,22,駐車（輪）場,駐車（輪）場,施錠した,なし
窃盗,車上ねらい,金沢,大道,141089,神奈川県,横浜市金沢区,大道１丁目,2021/2/19,7,駐車（輪）場,駐車（輪）場,施錠した,なし
窃盗,車上ねらい,金沢,洲崎,141089,神奈川県,横浜市金沢区,洲崎町,2021/2/19,17,駐車（輪）場,駐車（輪）場,施錠した,なし
窃盗,車上ねらい,金沢,洲崎,141089,神奈川県,横浜市金沢区,平潟町,2021/2/6,13,駐車（輪）場,駐車（輪）場,施錠した,なし
窃盗,車上ねらい,金沢,洲崎,141089,神奈川県,横浜市金沢区,町屋町,2021/2/19,20,一戸建住宅,駐車（輪）場,施錠せず,なし
窃盗,車上ねらい,金沢,洲崎,141089,神奈川県,横浜市金沢区,町屋町,2021/7/17,19,駐車（輪）場,駐車（輪）場,施錠した,あり
窃盗,車上ねらい,金沢,能見台駅前,141089,神奈川県,横浜市金沢区,長浜１丁目,2021/1/11,19,一戸建住宅,駐車（輪）場,施錠した,なし
窃盗,車上ねらい,金沢,金沢文庫駅前,141089,神奈川県,横浜市金沢区,金沢町,2021/10/2,18,道路上,その他,施錠した,なし
窃盗,車上ねらい,金沢,金沢文庫駅前,141089,神奈川県,横浜市金沢区,泥亀１丁目,2021/8/17,17,その他,駐車（輪）場,施錠せず,なし
窃盗,車上ねらい,金沢,金沢文庫駅前,141089,神奈川県,横浜市金沢区,泥亀１丁目,2021/8/18,17,その他,駐車（輪）場,施錠せず,あり
窃盗,車上ねらい,金沢,金沢文庫駅前,141089,神奈川県,横浜市金沢区,釜利谷東２丁目,2021/11/16,9,駐車（輪）場,駐車（輪）場,施錠せず,なし
窃盗,車上ねらい,金沢,金沢文庫駅前,141089,神奈川県,横浜市金沢区,釜利谷東２丁目,2021/12/17,18,その他,駐車（輪）場,施錠せず,なし
窃盗,車上ねらい,伊勢佐木,伊勢佐木町,141046,神奈川県,横浜市中区,伊勢佐木町５丁目,2021/4/21,18,道路上,その他,施錠せず,あり
窃盗,車上ねらい,伊勢佐木,伊勢佐木町,141046,神奈川県,横浜市中区,長者町８丁目,2020/12/31,22,駐車（輪）場,駐車（輪）場,施錠した,あり
窃盗,車上ねらい,伊勢佐木,伊勢佐木町,141046,神奈川県,横浜市中区,長者町９丁目,2021/4/21,6,駐車（輪）場,駐車（輪）場,施錠せず,なし
窃盗,車上ねらい,伊勢佐木,伊勢佐木町,141046,神奈川県,横浜市中区,長者町９丁目,2021/9/16,9,駐車（輪）場,駐車（輪）場,施錠した,なし
窃盗,車上ねらい,伊勢佐木,伊勢佐木町,141046,神奈川県,横浜市中区,若葉町１丁目,2021/9/14,21,駐車（輪）場,駐車（輪）場,施錠した,あり
窃盗,車上ねらい,伊勢佐木,伊勢佐木町,141046,神奈川県,横浜市中区,若葉町２丁目,2021/3/9,12,道路上,その他,施錠せず,なし
窃盗,車上ねらい,伊勢佐木,伊勢佐木町,141046,神奈川県,横浜市中区,若葉町２丁目,2021/4/18,17,道路上,その他,施錠せず,なし
窃盗,車上ねらい,伊勢佐木,伊勢佐木町,141046,神奈川県,横浜市中区,若葉町３丁目,2021/4/17,14,道路上,その他,施錠せず,あり
窃盗,車上ねらい,伊勢佐木,吉田橋,141046,神奈川県,横浜市中区,末広町３丁目,2021/6/2,7,駐車（輪）場,駐車（輪）場,施錠せず,あり
窃盗,車上ねらい,伊勢佐木,吉田橋,141046,神奈川県,横浜市中区,長者町８丁目,2021/7/5,1,駐車（輪）場,駐車（輪）場,施錠した,あり
窃盗,車上ねらい,伊勢佐木,吉田橋,141046,神奈川県,横浜市中区,長者町９丁目,2021/10/9,15,その他,駐車（輪）場,施錠せず,なし
窃盗,車上ねらい,伊勢佐木,吉田橋,141046,神奈川県,横浜市中区,福富町仲通,2021/1/2,20,駐車（輪）場,駐車（輪）場,施錠した,なし
窃盗,車上ねらい,伊勢佐木,吉田橋,141046,神奈川県,横浜市中区,福富町西通,2021/1/5,16,駐車（輪）場,駐車（輪）場,施錠した,あり
窃盗,車上ねらい,伊勢佐木,吉田橋,141046,神奈川県,横浜市中区,福富町西通,2021/3/2,19,駐車（輪）場,駐車（輪）場,施錠した,なし
窃盗,車上ねらい,伊勢佐木,吉田橋,141046,神奈川県,横浜市中区,福富町西通,2021/3/6,5,駐車（輪）場,駐車（輪）場,施錠した,あり
窃盗,車上ねらい,伊勢佐木,吉田橋,141046,神奈川県,横浜市中区,福富町東通,2021/4/23,10,道路上,その他,施錠せず,なし
窃盗,車上ねらい,伊勢佐木,寿町,141046,神奈川県,横浜市中区,石川町５丁目,2021/3/25,7,駐車（輪）場,駐車（輪）場,施錠した,なし
窃盗,車上ねらい,伊勢佐木,寿町,141046,神奈川県,横浜市中区,松影町１丁目,2021/3/25,10,道路上,その他,施錠せず,あり
窃盗,車上ねらい,伊勢佐木,桜木町駅前,141046,神奈川県,横浜市中区,花咲町３丁目,2021/8/20,19,駐車（輪）場,駐車（輪）場,施錠した,なし
窃盗,車上ねらい,伊勢佐木,横浜橋,141046,神奈川県,横浜市中区,伊勢佐木町６丁目,2021/1/22,2,道路上,その他,施錠せず,あり
窃盗,車上ねらい,伊勢佐木,横浜橋,141046,神奈川県,横浜市中区,長者町５丁目,2021/2/13,17,駐車（輪）場,駐車（輪）場,施錠した,なし
窃盗,車上ねらい,伊勢佐木,横浜橋,141046,神奈川県,横浜市中区,弥生町４丁目,2021/3/8,21,駐車（輪）場,駐車（輪）場,施錠した,なし
窃盗,車上ねらい,伊勢佐木,都橋,141046,神奈川県,横浜市中区,宮川町２丁目,2021/9/24,22,道路上,その他,施錠した,あり
窃盗,車上ねらい,伊勢佐木,長者町,141046,神奈川県,横浜市中区,長者町３丁目,2021/9/24,19,駐車（輪）場,駐車（輪）場,施錠した,あり
窃盗,車上ねらい,伊勢佐木,黄金町,141046,神奈川県,横浜市中区,赤門町１丁目,2021/5/2,20,道路上,その他,施錠せず,なし
窃盗,車上ねらい,伊勢佐木,黄金町,141046,神奈川県,横浜市中区,黄金町１丁目,2021/10/12,23,道路上,その他,施錠せず,なし
窃盗,車上ねらい,伊勢佐木,黄金町,141046,神奈川県,横浜市中区,初音町２丁目,2021/9/16,18,駐車（輪）場,駐車（輪）場,施錠した,なし
窃盗,車上ねらい,伊勢佐木,黄金町,141046,神奈川県,横浜市中区,初音町２丁目,2021/9/16,21,道路上,その他,施錠した,なし
窃盗,車上ねらい,伊勢佐木,黄金町,141046,神奈川県,横浜市中区,日ノ出町２丁目,2021/9/24,13,駐車（輪）場,駐車（輪）場,施錠した,なし
窃盗,車上ねらい,戸部,みなとみらい,141038,神奈川県,横浜市西区,みなとみらい２丁目,2021/1/27,13,その他,駐車（輪）場,施錠した,なし
窃盗,車上ねらい,戸部,みなとみらい,141038,神奈川県,横浜市西区,みなとみらい５丁目,2021/10/12,23,駐車（輪）場,駐車（輪）場,施錠した,なし
窃盗,車上ねらい,戸部,みなとみらい,141038,神奈川県,横浜市西区,みなとみらい６丁目,2021/1/6,10,駐車（輪）場,駐車（輪）場,施錠した,あり
窃盗,車上ねらい,戸部,一本松,141038,神奈川県,横浜市西区,霞ケ丘,2021/9/29,16,道路上,その他,施錠せず,あり
窃盗,車上ねらい,戸部,一本松,141038,神奈川県,横浜市西区,境之谷,2021/9/5,16,道路上,その他,施錠せず,なし
窃盗,車上ねらい,戸部,伊勢町,141038,神奈川県,横浜市西区,伊勢町１丁目,2021/3/13,21,４階建て以上共同住宅,駐車（輪）場,施錠した,なし
窃盗,車上ねらい,戸部,伊勢町,141038,神奈川県,横浜市西区,伊勢町１丁目,2021/3/13,23,駐車（輪）場,駐車（輪）場,施錠した,なし
窃盗,車上ねらい,戸部,伊勢町,141038,神奈川県,横浜市西区,戸部町１丁目,2021/5/17,11,道路上,その他,施錠せず,あり
窃盗,車上ねらい,戸部,伊勢町,141038,神奈川県,横浜市西区,戸部町２丁目,2021/3/13,19,４階建て以上共同住宅,駐車（輪）場,施錠した,なし
窃盗,車上ねらい,戸部,伊勢町,141038,神奈川県,横浜市西区,戸部町３丁目,2021/10/5,15,道路上,その他,施錠せず,あり
窃盗,車上ねらい,戸部,岡野,141038,神奈川県,横浜市西区,岡野１丁目,2021/4/8,19,その他,駐車（輪）場,施錠した,なし
窃盗,車上ねらい,戸部,横浜駅相鉄口,141038,神奈川県,横浜市西区,南幸２丁目,2021/2/22,0,道路上,その他,施錠した,あり
窃盗,車上ねらい,戸部,浅間町,141038,神奈川県,横浜市西区,浅間台,2021/12/11,18,駐車（輪）場,駐車（輪）場,施錠した,なし
窃盗,車上ねらい,戸部,浅間町,141038,神奈川県,横浜市西区,浅間町５丁目,2021/4/1,8,駐車（輪）場,駐車（輪）場,施錠した,なし
窃盗,車上ねらい,戸部,浅間町,141038,神奈川県,横浜市西区,南軽井沢,2021/9/25,22,道路上,その他,施錠せず,あり
窃盗,車上ねらい,戸部,浜松町,141038,神奈川県,横浜市西区,中央２丁目,2021/9/5,17,駐車（輪）場,駐車（輪）場,施錠せず,なし
窃盗,車上ねらい,戸部,浜松町,141038,神奈川県,横浜市西区,中央２丁目,2021/9/6,3,道路上,その他,施錠せず,あり
窃盗,車上ねらい,戸部,浜松町,141038,神奈川県,横浜市西区,中央２丁目,2021/10/29,16,道路上,その他,施錠せず,あり
窃盗,車上ねらい,戸部,浜松町,141038,神奈川県,横浜市西区,浜松町,2021/3/27,21,駐車（輪）場,駐車（輪）場,施錠した,なし
窃盗,車上ねらい,戸部,浜松町,141038,神奈川県,横浜市西区,浜松町,2021/9/25,16,道路上,その他,施錠せず,あり
窃盗,車上ねらい,戸部,藤棚町,141038,神奈川県,横浜市西区,中央２丁目,2021/9/20,23,道路上,その他,施錠せず,あり
窃盗,車上ねらい,戸部,藤棚町,141038,神奈川県,横浜市西区,東久保町,2020/1/8,18,４階建て以上共同住宅,駐車（輪）場,施錠した,なし
窃盗,車上ねらい,戸部,藤棚町,141038,神奈川県,横浜市西区,藤棚町１丁目,2021/10/10,5,道路上,その他,施錠せず,あり
窃盗,車上ねらい,戸部,藤棚町,141038,神奈川県,横浜市西区,藤棚町２丁目,2021/10/8,22,４階建て以上共同住宅,その他,施錠せず,あり
窃盗,車上ねらい,戸部,野毛山公園,141038,神奈川県,横浜市西区,赤門町２丁目,2021/7/9,18,道路上,その他,施錠せず,なし
窃盗,車上ねらい,戸部,高島,141038,神奈川県,横浜市西区,桜木町４丁目,2021/2/6,21,駐車（輪）場,駐車（輪）場,施錠した,なし
窃盗,車上ねらい,戸部,高島,141038,神奈川県,横浜市西区,中央１丁目,2021/5/29,19,駐車（輪）場,駐車（輪）場,施錠せず,なし
窃盗,車上ねらい,戸部,高島,141038,神奈川県,横浜市西区,平沼２丁目,2021/1/1,17,４階建て以上共同住宅,駐車（輪）場,施錠した,なし
窃盗,車上ねらい,戸部,高島,141038,神奈川県,横浜市西区,平沼２丁目,2021/1/3,19,駐車（輪）場,駐車（輪）場,施錠した,なし
窃盗,車上ねらい,戸部,高島,141038,神奈川県,横浜市西区,平沼２丁目,2021/10/23,8,道路上,その他,施錠せず,なし
窃盗,車上ねらい,戸部,高島,141038,神奈川県,横浜市西区,平沼２丁目,2021/10/29,14,道路上,その他,施錠せず,あり
窃盗,車上ねらい,神奈川,ポートサイド,141020,神奈川県,横浜市神奈川区,青木町,2021/10/1,6,道路上,その他,施錠した,あり
窃盗,車上ねらい,神奈川,ポートサイド,141020,神奈川県,横浜市神奈川区,青木町,2021/11/28,0,道路上,その他,施錠した,なし
窃盗,車上ねらい,神奈川,ポートサイド,141020,神奈川県,横浜市神奈川区,神奈川１丁目,2021/10/30,21,駐車（輪）場,駐車（輪）場,施錠した,なし
窃盗,車上ねらい,神奈川,三ツ沢,141020,神奈川県,横浜市神奈川区,三ツ沢上町,2021/9/4,16,駐車（輪）場,駐車（輪）場,施錠した,なし
窃盗,車上ねらい,神奈川,三ツ沢,141020,神奈川県,横浜市神奈川区,三ツ沢上町,2021/11/12,17,駐車（輪）場,駐車（輪）場,施錠した,なし
窃盗,車上ねらい,神奈川,三ツ沢,141020,神奈川県,横浜市神奈川区,三ツ沢上町,2021/11/20,17,駐車（輪）場,駐車（輪）場,施錠した,なし
窃盗,車上ねらい,神奈川,入江,141020,神奈川県,横浜市神奈川区,入江１丁目,2021/4/28,17,その他,駐車（輪）場,施錠せず,あり
窃盗,車上ねらい,神奈川,入江,141020,神奈川県,横浜市神奈川区,入江２丁目,2021/5/6,21,駐車（輪）場,駐車（輪）場,施錠した,なし
窃盗,車上ねらい,神奈川,六角橋,141020,神奈川県,横浜市神奈川区,六角橋４丁目,2021/9/17,18,その他の住宅（３階建て以下共同住宅等）,駐車（輪）場,施錠せず,あり
窃盗,車上ねらい,神奈川,反町,141020,神奈川県,横浜市神奈川区,松本町１丁目,2021/2/6,18,駐車（輪）場,駐車（輪）場,施錠せず,なし
窃盗,車上ねらい,神奈川,反町,141020,神奈川県,横浜市神奈川区,松本町１丁目,2021/3/21,2,駐車（輪）場,駐車（輪）場,施錠した,なし
窃盗,車上ねらい,神奈川,大口駅前,141020,神奈川県,横浜市神奈川区,大口仲町,2021/2/8,12,その他,駐車（輪）場,施錠した,なし
窃盗,車上ねらい,神奈川,大口駅前,141020,神奈川県,横浜市神奈川区,松見町２丁目,2021/2/11,20,駐車（輪）場,駐車（輪）場,施錠した,なし
窃盗,車上ねらい,神奈川,新子安,141020,神奈川県,横浜市神奈川区,子安通２丁目,2021/1/1,23,その他,駐車（輪）場,施錠した,あり
窃盗,車上ねらい,神奈川,新子安,141020,神奈川県,横浜市神奈川区,新子安１丁目,2021/1/3,20,駐車（輪）場,駐車（輪）場,施錠した,あり
窃盗,車上ねらい,神奈川,新子安,141020,神奈川県,横浜市神奈川区,新子安１丁目,2021/2/25,14,道路上,その他,施錠せず,あり
窃盗,車上ねらい,神奈川,新子安,141020,神奈川県,横浜市神奈川区,新子安１丁目,2021/5/20,9,その他,駐車（輪）場,施錠せず,あり
窃盗,車上ねらい,神奈川,新子安,141020,神奈川県,横浜市神奈川区,新子安１丁目,2021/8/2,9,道路上,その他,施錠せず,あり
窃盗,車上ねらい,神奈川,東神奈川駅前,141020,神奈川県,横浜市神奈川区,東神奈川２丁目,2021/1/10,18,駐車（輪）場,駐車（輪）場,施錠した,なし
窃盗,車上ねらい,神奈川,東神奈川駅前,141020,神奈川県,横浜市神奈川区,東神奈川２丁目,2021/2/16,10,道路上,その他,施錠せず,なし
窃盗,車上ねらい,神奈川,東神奈川駅前,141020,神奈川県,横浜市神奈川区,東神奈川２丁目,2021/9/16,20,駐車（輪）場,駐車（輪）場,施錠した,なし
窃盗,車上ねらい,神奈川,東神奈川駅前,141020,神奈川県,横浜市神奈川区,東神奈川２丁目,2021/9/29,2,道路上,その他,施錠した,なし
窃盗,車上ねらい,神奈川,東神奈川駅前,141020,神奈川県,横浜市神奈川区,東神奈川２丁目,2021/11/27,20,駐車（輪）場,駐車（輪）場,施錠した,なし
窃盗,車上ねらい,神奈川,沢渡,141020,神奈川県,横浜市神奈川区,鶴屋町２丁目,2021/1/2,1,駐車（輪）場,駐車（輪）場,施錠した,なし
窃盗,車上ねらい,神奈川,沢渡,141020,神奈川県,横浜市神奈川区,鶴屋町２丁目,2021/1/23,15,駐車（輪）場,駐車（輪）場,施錠した,なし
窃盗,車上ねらい,神奈川,白幡,141020,神奈川県,横浜市神奈川区,白幡仲町,2021/1/3,16,駐車（輪）場,駐車（輪）場,施錠した,なし
窃盗,車上ねらい,神奈川,神大寺,141020,神奈川県,横浜市神奈川区,片倉１丁目,2021/4/27,12,その他,駐車（輪）場,施錠した,あり
窃盗,車上ねらい,神奈川,神大寺,141020,神奈川県,横浜市神奈川区,片倉１丁目,2021/8/4,22,駐車（輪）場,駐車（輪）場,施錠した,あり
窃盗,車上ねらい,神奈川,神大寺,141020,神奈川県,横浜市神奈川区,神大寺３丁目,2021/12/11,19,駐車（輪）場,駐車（輪）場,施錠した,なし
窃盗,車上ねらい,神奈川,神大寺,141020,神奈川県,横浜市神奈川区,神大寺４丁目,2021/3/14,9,その他,駐車（輪）場,施錠せず,あり
窃盗,車上ねらい,神奈川,神奈川通,141020,神奈川県,横浜市神奈川区,新町,2021/2/26,19,駐車（輪）場,駐車（輪）場,施錠した,なし
窃盗,車上ねらい,神奈川,神奈川通,141020,神奈川県,横浜市神奈川区,新町,2021/9/16,19,駐車（輪）場,駐車（輪）場,施錠した,あり
窃盗,車上ねらい,神奈川,羽沢,141020,神奈川県,横浜市神奈川区,三枚町,2021/10/19,17,その他の住宅（３階建て以下共同住宅等）,駐車（輪）場,施錠せず,なし
窃盗,車上ねらい,神奈川,羽沢,141020,神奈川県,横浜市神奈川区,三枚町,2021/12/4,18,その他,その他,施錠した,なし
窃盗,車上ねらい,神奈川,菅田,141020,神奈川県,横浜市神奈川区,菅田町,2021/11/2,17,一戸建住宅,駐車（輪）場,施錠せず,なし
窃盗,車上ねらい,鶴見,三角,141011,神奈川県,横浜市鶴見区,佃野町,2021/3/17,21,駐車（輪）場,駐車（輪）場,施錠した,あり
窃盗,車上ねらい,鶴見,別所,141011,神奈川県,横浜市鶴見区,北寺尾６丁目,2021/5/1,19,一戸建住宅,駐車（輪）場,施錠した,なし
窃盗,車上ねらい,鶴見,向谷,141011,神奈川県,横浜市鶴見区,馬場７丁目,2021/2/14,17,駐車（輪）場,駐車（輪）場,施錠した,なし
窃盗,車上ねらい,鶴見,向谷,141011,神奈川県,横浜市鶴見区,東寺尾１丁目,2021/2/11,18,駐車（輪）場,駐車（輪）場,施錠した,なし
窃盗,車上ねらい,鶴見,尻手,141011,神奈川県,横浜市鶴見区,尻手１丁目,2021/10/27,15,一戸建住宅,駐車（輪）場,施錠せず,あり
窃盗,車上ねらい,鶴見,尻手,141011,神奈川県,横浜市鶴見区,尻手１丁目,2021/12/2,13,一戸建住宅,駐車（輪）場,施錠せず,なし
窃盗,車上ねらい,鶴見,尻手,141011,神奈川県,横浜市鶴見区,尻手３丁目,2021/10/12,23,駐車（輪）場,駐車（輪）場,施錠した,あり
窃盗,車上ねらい,鶴見,尻手,141011,神奈川県,横浜市鶴見区,元宮２丁目,2021/10/24,16,その他,駐車（輪）場,施錠せず,なし
窃盗,車上ねらい,鶴見,岸谷,141011,神奈川県,横浜市鶴見区,岸谷１丁目,2021/5/28,11,道路上,その他,施錠せず,あり
窃盗,車上ねらい,鶴見,岸谷,141011,神奈川県,横浜市鶴見区,岸谷３丁目,2021/2/5,20,駐車（輪）場,駐車（輪）場,施錠した,なし
窃盗,車上ねらい,鶴見,岸谷,141011,神奈川県,横浜市鶴見区,東寺尾４丁目,2021/10/12,19,駐車（輪）場,駐車（輪）場,施錠した,なし
窃盗,車上ねらい,鶴見,市場,141011,神奈川県,横浜市鶴見区,市場東中町,2021/3/14,18,その他,駐車（輪）場,施錠せず,あり
窃盗,車上ねらい,鶴見,市場,141011,神奈川県,横浜市鶴見区,市場富士見町,2021/11/9,17,駐車（輪）場,駐車（輪）場,施錠した,なし
窃盗,車上ねらい,鶴見,市場,141011,神奈川県,横浜市鶴見区,平安町１丁目,2021/2/1,23,４階建て以上共同住宅,駐車（輪）場,施錠した,なし
窃盗,車上ねらい,鶴見,市場,141011,神奈川県,横浜市鶴見区,平安町１丁目,2021/6/26,13,駐車（輪）場,駐車（輪）場,施錠せず,なし
窃盗,車上ねらい,鶴見,市場,141011,神奈川県,横浜市鶴見区,平安町２丁目,2021/11/13,13,道路上,その他,施錠せず,あり
窃盗,車上ねらい,鶴見,市場,141011,神奈川県,横浜市鶴見区,平安町２丁目,2021/11/26,13,道路上,その他,施錠せず,あり
窃盗,車上ねらい,鶴見,末吉,141011,神奈川県,横浜市鶴見区,佃野町,2021/10/27,7,その他,その他,施錠した,あり
窃盗,車上ねらい,鶴見,本町通,141011,神奈川県,横浜市鶴見区,小野町,2021/1/13,23,その他,駐車（輪）場,施錠した,あり
窃盗,車上ねらい,鶴見,本町通,141011,神奈川県,横浜市鶴見区,下野谷町１丁目,2021/2/1,20,４階建て以上共同住宅,駐車（輪）場,施錠した,なし
窃盗,車上ねらい,鶴見,本町通,141011,神奈川県,横浜市鶴見区,仲通１丁目,2021/8/31,2,道路上,その他,施錠した,あり
窃盗,車上ねらい,鶴見,本町通,141011,神奈川県,横浜市鶴見区,本町通３丁目,2021/7/7,2,駐車（輪）場,駐車（輪）場,施錠した,なし
窃盗,車上ねらい,鶴見,東寺尾,141011,神奈川県,横浜市鶴見区,寺谷１丁目,2021/9/22,16,道路上,その他,施錠せず,あり
窃盗,車上ねらい,鶴見,東寺尾,141011,神奈川県,横浜市鶴見区,東寺尾６丁目,2021/10/12,21,その他,その他,施錠した,あり
窃盗,車上ねらい,鶴見,潮田,141011,神奈川県,横浜市鶴見区,朝日町２丁目,2021/8/30,21,４階建て以上共同住宅,駐車（輪）場,施錠した,あり
窃盗,車上ねらい,鶴見,生麦,141011,神奈川県,横浜市鶴見区,大黒町,2021/1/9,21,道路上,その他,施錠した,あり
窃盗,車上ねらい,鶴見,生麦,141011,神奈川県,横浜市鶴見区,鶴見中央５丁目,2021/1/19,18,その他,駐車（輪）場,施錠せず,なし
窃盗,車上ねらい,鶴見,生麦,141011,神奈川県,横浜市鶴見区,鶴見中央５丁目,2021/5/11,18,道路上,その他,施錠せず,あり
窃盗,車上ねらい,鶴見,生麦,141011,神奈川県,横浜市鶴見区,生麦３丁目,2021/4/6,20,道路上,その他,施錠した,あり
窃盗,車上ねらい,鶴見,生麦,141011,神奈川県,横浜市鶴見区,生麦３丁目,2021/11/20,22,道路上,その他,施錠した,なし
窃盗,車上ねらい,鶴見,生麦,141011,神奈川県,横浜市鶴見区,生麦５丁目,2021/1/20,14,道路上,その他,施錠せず,あり
窃盗,車上ねらい,鶴見,鶴見駅前,141011,神奈川県,横浜市鶴見区,鶴見中央１丁目,2021/9/4,18,駐車（輪）場,駐車（輪）場,施錠した,なし
窃盗,車上ねらい,鶴見,鶴見駅前,141011,神奈川県,横浜市鶴見区,鶴見中央３丁目,2021/1/23,2,駐車（輪）場,駐車（輪）場,施錠した,なし
窃盗,車上ねらい,鶴見,鶴見駅前,141011,神奈川県,横浜市鶴見区,鶴見中央３丁目,2021/1/28,21,その他,駐車（輪）場,施錠した,なし
窃盗,車上ねらい,鶴見,鶴見駅西口,141011,神奈川県,横浜市鶴見区,豊岡町,2021/1/3,17,駐車（輪）場,駐車（輪）場,施錠した,なし
窃盗,車上ねらい,鶴見,鶴見駅西口,141011,神奈川県,横浜市鶴見区,豊岡町,2021/2/20,19,駐車（輪）場,駐車（輪）場,施錠した,なし
窃盗,車上ねらい,鶴見,鶴見駅西口,141011,神奈川県,横浜市鶴見区,豊岡町,2021/4/26,0,道路上,その他,施錠せず,あり
窃盗,車上ねらい,保土ケ谷,上菅田町,141062,神奈川県,横浜市保土ケ谷区,新井町,2021/5/2,10,一戸建住宅,駐車（輪）場,施錠した,なし
窃盗,車上ねらい,保土ケ谷,今井町,141062,神奈川県,横浜市保土ケ谷区,,2021/9/7,17,駐車（輪）場,駐車（輪）場,施錠した,なし
窃盗,車上ねらい,保土ケ谷,今井町,141062,神奈川県,横浜市保土ケ谷区,今井町,2021/3/23,20,４階建て以上共同住宅,駐車（輪）場,施錠した,なし
窃盗,車上ねらい,保土ケ谷,保土ケ谷橋,141062,神奈川県,横浜市保土ケ谷区,瀬戸ケ谷町,2021/5/15,10,一戸建住宅,その他,施錠せず,あり
窃盗,車上ねらい,保土ケ谷,保土ケ谷橋,141062,神奈川県,横浜市保土ケ谷区,瀬戸ケ谷町,2021/12/19,19,その他の住宅（３階建て以下共同住宅等）,駐車（輪）場,施錠した,なし
窃盗,車上ねらい,保土ケ谷,元町橋,141062,神奈川県,横浜市保土ケ谷区,狩場町,2021/11/19,23,その他の住宅（３階建て以下共同住宅等）,駐車（輪）場,施錠せず,あり
窃盗,車上ねらい,保土ケ谷,元町橋,141062,神奈川県,横浜市保土ケ谷区,権太坂２丁目,2021/2/26,17,４階建て以上共同住宅,駐車（輪）場,施錠した,なし
窃盗,車上ねらい,保土ケ谷,元町橋,141062,神奈川県,横浜市保土ケ谷区,権太坂２丁目,2021/8/31,20,駐車（輪）場,駐車（輪）場,施錠した,なし
窃盗,車上ねらい,保土ケ谷,宮田町,141062,神奈川県,横浜市保土ケ谷区,天王町１丁目,2021/4/29,23,駐車（輪）場,駐車（輪）場,施錠した,なし
窃盗,車上ねらい,保土ケ谷,宮田町,141062,神奈川県,横浜市保土ケ谷区,峰岡町２丁目,2021/12/12,18,駐車（輪）場,駐車（輪）場,施錠した,なし
窃盗,車上ねらい,保土ケ谷,岡沢町,141062,神奈川県,横浜市保土ケ谷区,鎌谷町,2021/12/11,18,その他の住宅（３階建て以下共同住宅等）,駐車（輪）場,施錠した,なし
窃盗,車上ねらい,保土ケ谷,岩間町,141062,神奈川県,横浜市保土ケ谷区,岩間町１丁目,2021/2/8,17,駐車（輪）場,駐車（輪）場,施錠した,なし
窃盗,車上ねらい,保土ケ谷,岩間町,141062,神奈川県,横浜市保土ケ谷区,霞台,2021/7/18,1,道路上,その他,施錠した,なし
窃盗,車上ねらい,保土ケ谷,川島町,141062,神奈川県,横浜市保土ケ谷区,川島町,2021/4/15,6,その他の住宅（３階建て以下共同住宅等）,駐車（輪）場,施錠せず,あり
窃盗,車上ねらい,保土ケ谷,新桜ヶ丘,141062,神奈川県,横浜市保土ケ谷区,法泉２丁目,2021/4/17,20,その他の住宅（３階建て以下共同住宅等）,駐車（輪）場,施錠せず,なし
窃盗,車上ねらい,保土ケ谷,西谷,141062,神奈川県,横浜市保土ケ谷区,西谷町,2021/2/15,16,その他,駐車（輪）場,施錠せず,なし
窃盗,車上ねらい,保土ケ谷,西谷,141062,神奈川県,横浜市保土ケ谷区,東川島町,2021/10/16,17,駐車（輪）場,駐車（輪）場,施錠せず,なし
窃盗,車上ねらい,港南,上大岡駅前,141119,神奈川県,横浜市港南区,大久保１丁目,2021/4/15,19,駐車（輪）場,駐車（輪）場,施錠した,あり
窃盗,車上ねらい,港南,上大岡駅前,141119,神奈川県,横浜市港南区,上大岡西１丁目,2021/8/18,21,道路上,その他,施錠せず,なし
窃盗,車上ねらい,港南,上大岡駅前,141119,神奈川県,横浜市港南区,上大岡東１丁目,2021/6/11,0,一戸建住宅,駐車（輪）場,施錠した,なし
窃盗,車上ねらい,港南,上大岡駅前,141119,神奈川県,横浜市港南区,最戸１丁目,2021/10/26,11,一戸建住宅,駐車（輪）場,施錠せず,なし
窃盗,車上ねらい,港南,上大岡駅前,141119,神奈川県,横浜市港南区,最戸２丁目,2021/6/7,9,道路上,その他,施錠せず,なし
窃盗,車上ねらい,港南,上永谷駅前,141119,神奈川県,横浜市港南区,上永谷２丁目,2021/12/9,19,駐車（輪）場,駐車（輪）場,施錠した,なし
窃盗,車上ねらい,港南,南高校前,141119,神奈川県,横浜市港南区,東永谷１丁目,2021/5/4,23,一戸建住宅,駐車（輪）場,施錠した,あり
窃盗,車上ねらい,港南,日野,141119,神奈川県,横浜市港南区,日野１丁目,2021/12/10,8,駐車（輪）場,駐車（輪）場,施錠せず,あり
窃盗,車上ねらい,港南,日野,141119,神奈川県,横浜市港南区,日野７丁目,2021/9/7,9,道路上,その他,施錠せず,あり
窃盗,車上ねらい,港南,日野,141119,神奈川県,横浜市港南区,日野９丁目,2021/3/20,20,駐車（輪）場,駐車（輪）場,施錠した,あり
窃盗,車上ねらい,港南,日野,141119,神奈川県,横浜市港南区,日野９丁目,2021/3/21,0,一戸建住宅,駐車（輪）場,施錠した,あり
窃盗,車上ねらい,港南,日野,141119,神奈川県,横浜市港南区,日野中央１丁目,2021/9/7,14,その他,その他,施錠した,あり
窃盗,車上ねらい,港南,日限山,141119,神奈川県,横浜市港南区,日限山１丁目,2021/3/28,16,一戸建住宅,駐車（輪）場,施錠した,なし
窃盗,車上ねらい,港南,日限山,141119,神奈川県,横浜市港南区,日限山３丁目,2021/1/30,15,道路上,その他,施錠せず,なし
窃盗,車上ねらい,港南,港南台南,141119,神奈川県,横浜市港南区,港南台１丁目,2021/4/3,19,その他の住宅（３階建て以下共同住宅等）,駐車（輪）場,施錠した,あり
窃盗,車上ねらい,港南,港南台南,141119,神奈川県,横浜市港南区,港南台８丁目,2020/12/30,19,一戸建住宅,駐車（輪）場,施錠した,なし
窃盗,車上ねらい,港南,港南台南,141119,神奈川県,横浜市港南区,港南台８丁目,2021/3/24,0,４階建て以上共同住宅,駐車（輪）場,施錠した,あり
窃盗,車上ねらい,港南,港南台駅前,141119,神奈川県,横浜市港南区,日野南４丁目,2021/1/4,22,その他,駐車（輪）場,施錠した,なし
窃盗,車上ねらい,港南,芹が谷,141119,神奈川県,横浜市港南区,芹が谷２丁目,2021/8/17,6,その他,駐車（輪）場,施錠した,なし
窃盗,車上ねらい,港南,芹が谷,141119,神奈川県,横浜市港南区,芹が谷３丁目,2021/5/4,22,一戸建住宅,駐車（輪）場,施錠した,あり
窃盗,車上ねらい,港南,芹が谷,141119,神奈川県,横浜市港南区,芹が谷３丁目,2021/5/4,22,一戸建住宅,駐車（輪）場,施錠した,なし
窃盗,車上ねらい,港南,芹が谷,141119,神奈川県,横浜市港南区,芹が谷４丁目,2021/4/30,22,一戸建住宅,その他,施錠した,あり
窃盗,車上ねらい,港南,芹が谷,141119,神奈川県,横浜市港南区,東芹が谷,2021/4/30,20,一戸建住宅,その他,施錠した,あり
窃盗,車上ねらい,港南,芹が谷,141119,神奈川県,横浜市港南区,下永谷２丁目,2021/9/12,4,道路上,その他,施錠した,あり
窃盗,車上ねらい,港南,野庭,141119,神奈川県,横浜市港南区,野庭町,2021/7/20,13,４階建て以上共同住宅,駐車（輪）場,施錠せず,あり
窃盗,車上ねらい,港南,野庭,141119,神奈川県,横浜市港南区,野庭町,2021/7/30,11,その他,駐車（輪）場,施錠せず,あり
窃盗,車上ねらい,港南,野庭,141119,神奈川県,横浜市港南区,日限山１丁目,2021/3/28,17,道路上,その他,施錠した,あり
窃盗,車上ねらい,港南,関の下,141119,神奈川県,横浜市港南区,上大岡東２丁目,2021/10/12,9,道路上,その他,施錠せず,なし
窃盗,車上ねらい,港南,関の下,141119,神奈川県,横浜市港南区,港南５丁目,2021/1/29,20,駐車（輪）場,駐車（輪）場,施錠した,なし
窃盗,車上ねらい,緑,中山駅前,141135,神奈川県,横浜市緑区,北八朔町,2021/9/13,11,駐車（輪）場,駐車（輪）場,施錠した,なし
窃盗,車上ねらい,緑,中山駅前,141135,神奈川県,横浜市緑区,上山１丁目,2021/7/26,19,その他の住宅（３階建て以下共同住宅等）,駐車（輪）場,施錠せず,なし
窃盗,車上ねらい,緑,中山駅前,141135,神奈川県,横浜市緑区,上山３丁目,2021/2/21,18,一戸建住宅,駐車（輪）場,施錠した,なし
窃盗,車上ねらい,緑,北八朔町,141135,神奈川県,横浜市緑区,北八朔町,2021/2/26,20,一戸建住宅,駐車（輪）場,施錠した,あり
窃盗,車上ねらい,緑,北八朔町,141135,神奈川県,横浜市緑区,北八朔町,2021/3/28,20,駐車（輪）場,駐車（輪）場,施錠した,なし
窃盗,車上ねらい,緑,北八朔町,141135,神奈川県,横浜市緑区,北八朔町,2021/12/14,18,その他の住宅（３階建て以下共同住宅等）,駐車（輪）場,施錠せず,あり
窃盗,車上ねらい,緑,北八朔町,141135,神奈川県,横浜市緑区,西八朔町,2021/1/4,18,一戸建住宅,駐車（輪）場,施錠した,あり
窃盗,車上ねらい,緑,北八朔町,141135,神奈川県,横浜市緑区,西八朔町,2021/3/21,18,その他,駐車（輪）場,施錠せず,なし
窃盗,車上ねらい,緑,鴨居駅前,141135,神奈川県,横浜市緑区,鴨居１丁目,2021/9/16,17,その他,駐車（輪）場,施錠せず,なし
窃盗,車上ねらい,港北,仲手原,141097,神奈川県,横浜市港北区,菊名２丁目,2021/2/18,16,駐車（輪）場,駐車（輪）場,施錠した,なし
窃盗,車上ねらい,港北,仲手原,141097,神奈川県,横浜市港北区,菊名２丁目,2021/11/21,21,駐車（輪）場,駐車（輪）場,施錠した,なし
窃盗,車上ねらい,港北,吉田口,141097,神奈川県,横浜市港北区,新吉田町,2021/3/27,18,その他,その他,施錠せず,なし
窃盗,車上ねらい,港北,吉田口,141097,神奈川県,横浜市港北区,新吉田東３丁目,2020/6/21,11,駐車（輪）場,駐車（輪）場,施錠した,なし
窃盗,車上ねらい,港北,大倉山,141097,神奈川県,横浜市港北区,師岡町,2021/12/12,16,その他,駐車（輪）場,施錠せず,なし
窃盗,車上ねらい,港北,小机,141097,神奈川県,横浜市港北区,鳥山町,2021/2/21,19,４階建て以上共同住宅,駐車（輪）場,施錠せず,あり
窃盗,車上ねらい,港北,小机,141097,神奈川県,横浜市港北区,鳥山町,2021/7/14,1,道路上,その他,施錠した,なし
窃盗,車上ねらい,港北,小机,141097,神奈川県,横浜市港北区,鳥山町,2021/11/27,15,その他,駐車（輪）場,施錠せず,なし
窃盗,車上ねらい,港北,新横浜駅前,141097,神奈川県,横浜市港北区,岸根町,2021/3/25,0,４階建て以上共同住宅,駐車（輪）場,施錠した,なし
窃盗,車上ねらい,港北,新横浜駅前,141097,神奈川県,横浜市港北区,岸根町,2021/4/19,17,駐車（輪）場,駐車（輪）場,施錠した,なし
窃盗,車上ねらい,港北,新横浜駅前,141097,神奈川県,横浜市港北区,岸根町,2021/11/12,20,駐車（輪）場,駐車（輪）場,施錠した,なし
窃盗,車上ねらい,港北,新横浜駅前,141097,神奈川県,横浜市港北区,篠原町,2021/2/6,18,その他の住宅（３階建て以下共同住宅等）,その他,施錠せず,あり
窃盗,車上ねらい,港北,新横浜駅前,141097,神奈川県,横浜市港北区,新横浜１丁目,2021/1/3,19,その他,駐車（輪）場,施錠した,なし
窃盗,車上ねらい,港北,新横浜駅前,141097,神奈川県,横浜市港北区,新横浜１丁目,2021/1/4,3,その他,駐車（輪）場,施錠した,あり
窃盗,車上ねらい,港北,新横浜駅前,141097,神奈川県,横浜市港北区,新横浜１丁目,2021/2/21,17,駐車（輪）場,駐車（輪）場,施錠した,なし
窃盗,車上ねらい,港北,新横浜駅前,141097,神奈川県,横浜市港北区,新横浜３丁目,2021/4/30,19,道路上,その他,施錠せず,あり
窃盗,車上ねらい,港北,新横浜駅前,141097,神奈川県,横浜市港北区,新横浜３丁目,2021/5/12,20,道路上,その他,施錠した,なし
窃盗,車上ねらい,港北,新羽駅前,141097,神奈川県,横浜市港北区,新羽町,2021/1/15,17,その他,駐車（輪）場,施錠した,なし
窃盗,車上ねらい,港北,新羽駅前,141097,神奈川県,横浜市港北区,新羽町,2021/3/1,22,駐車（輪）場,駐車（輪）場,施錠した,あり
窃盗,車上ねらい,港北,新羽駅前,141097,神奈川県,横浜市港北区,新羽町,2021/4/30,19,４階建て以上共同住宅,その他,施錠せず,あり
窃盗,車上ねらい,港北,新羽駅前,141097,神奈川県,横浜市港北区,新吉田東７丁目,2021/9/21,9,その他,その他,施錠せず,あり
窃盗,車上ねらい,港北,日吉本町,141097,神奈川県,横浜市港北区,日吉本町５丁目,2021/9/22,21,一戸建住宅,駐車（輪）場,施錠せず,あり
窃盗,車上ねらい,港北,日吉駅前,141097,神奈川県,横浜市港北区,日吉本町１丁目,2021/9/4,19,駐車（輪）場,駐車（輪）場,施錠した,なし
窃盗,車上ねらい,港北,日吉駅前,141097,神奈川県,横浜市港北区,日吉本町２丁目,2021/8/10,8,道路上,その他,施錠せず,あり
窃盗,車上ねらい,港北,樽町,141097,神奈川県,横浜市港北区,樽町１丁目,2021/6/9,4,その他,その他,施錠せず,なし
窃盗,車上ねらい,港北,綱島駅前,141097,神奈川県,横浜市港北区,綱島西２丁目,2021/12/10,8,４階建て以上共同住宅,その他,施錠せず,あり
窃盗,車上ねらい,港北,菊名池,141097,神奈川県,横浜市港北区,菊名１丁目,2021/1/4,0,駐車（輪）場,駐車（輪）場,施錠した,なし
窃盗,車上ねらい,港北,菊名駅前,141097,神奈川県,横浜市港北区,篠原北１丁目,2021/1/2,15,駐車（輪）場,駐車（輪）場,施錠した,なし
窃盗,車上ねらい,港北,菊名駅前,141097,神奈川県,横浜市港北区,大豆戸町,2021/11/22,18,４階建て以上共同住宅,駐車（輪）場,施錠せず,なし
窃盗,車上ねらい,港北,菊名駅前,141097,神奈川県,横浜市港北区,大豆戸町,2021/11/26,18,４階建て以上共同住宅,駐車（輪）場,施錠せず,なし
窃盗,車上ねらい,港北,高田,141097,神奈川県,横浜市港北区,高田東１丁目,2021/5/18,12,道路上,その他,施錠せず,あり
窃盗,車上ねらい,港北,高田,141097,神奈川県,横浜市港北区,高田東３丁目,2021/3/17,18,駐車（輪）場,駐車（輪）場,施錠した,なし
窃盗,車上ねらい,港北,高田,141097,神奈川県,横浜市港北区,高田西３丁目,2021/2/21,10,駐車（輪）場,駐車（輪）場,施錠した,なし
窃盗,車上ねらい,港北,高田,141097,神奈川県,横浜市港北区,高田西３丁目,2021/3/5,20,その他の住宅（３階建て以下共同住宅等）,駐車（輪）場,施錠した,あり
窃盗,車上ねらい,瀬谷,北新,141143,神奈川県,横浜市瀬谷区,橋戸２丁目,2021/2/20,20,その他,駐車（輪）場,施錠した,なし
窃盗,車上ねらい,瀬谷,南台,141143,神奈川県,横浜市瀬谷区,下瀬谷１丁目,2021/1/15,15,その他の住宅（３階建て以下共同住宅等）,駐車（輪）場,施錠せず,なし
窃盗,車上ねらい,瀬谷,南台,141143,神奈川県,横浜市瀬谷区,三ツ境,2020/1/10,22,その他の住宅（３階建て以下共同住宅等）,駐車（輪）場,施錠せず,なし
窃盗,車上ねらい,瀬谷,南台,141143,神奈川県,横浜市瀬谷区,南瀬谷２丁目,2021/7/29,20,道路上,その他,施錠した,なし
窃盗,車上ねらい,瀬谷,南台,141143,神奈川県,横浜市瀬谷区,橋戸１丁目,2021/11/28,15,４階建て以上共同住宅,駐車（輪）場,施錠した,なし
窃盗,車上ねらい,瀬谷,南台,141143,神奈川県,横浜市瀬谷区,宮沢２丁目,2021/3/27,9,その他,その他,施錠せず,なし
窃盗,車上ねらい,瀬谷,南台,141143,神奈川県,横浜市瀬谷区,宮沢２丁目,2021/4/26,21,駐車（輪）場,駐車（輪）場,施錠した,なし
窃盗,車上ねらい,瀬谷,瀬谷駅前,141143,神奈川県,横浜市瀬谷区,瀬谷２丁目,2021/5/20,8,道路上,その他,施錠せず,あり
窃盗,車上ねらい,瀬谷,目黒,141143,神奈川県,横浜市瀬谷区,,2021/1/25,17,道路上,その他,施錠せず,あり
窃盗,車上ねらい,瀬谷,目黒,141143,神奈川県,横浜市瀬谷区,上瀬谷町,2021/6/30,17,駐車（輪）場,駐車（輪）場,施錠した,なし
窃盗,車上ねらい,瀬谷,,,,,,2021/8/26,7,その他,駐車（輪）場,施錠せず,あり
窃盗,車上ねらい,栄,上郷,141151,神奈川県,横浜市栄区,公田町,2021/2/4,19,駐車（輪）場,駐車（輪）場,施錠した,なし
窃盗,車上ねらい,栄,上郷,141151,神奈川県,横浜市栄区,桂台西１丁目,2021/2/19,13,道路上,その他,施錠せず,なし
窃盗,車上ねらい,栄,上郷,141151,神奈川県,横浜市栄区,桂台西１丁目,2021/4/4,17,一戸建住宅,駐車（輪）場,施錠した,なし
窃盗,車上ねらい,栄,元大橋,141151,神奈川県,横浜市栄区,中野町,2021/3/20,22,駐車（輪）場,駐車（輪）場,施錠した,なし
窃盗,車上ねらい,栄,本郷台駅前,141151,神奈川県,横浜市栄区,小菅ケ谷２丁目,2021/2/6,0,駐車（輪）場,駐車（輪）場,施錠した,なし
窃盗,車上ねらい,栄,本郷台駅前,141151,神奈川県,横浜市栄区,小菅ケ谷４丁目,2021/2/19,16,４階建て以上共同住宅,駐車（輪）場,施錠した,なし
窃盗,車上ねらい,栄,田谷,141151,神奈川県,横浜市栄区,金井町,2021/2/23,18,駐車（輪）場,駐車（輪）場,施錠せず,なし
窃盗,車上ねらい,栄,田谷,141151,神奈川県,横浜市栄区,金井町,2021/4/10,6,駐車（輪）場,駐車（輪）場,施錠した,なし
窃盗,車上ねらい,栄,田谷,141151,神奈川県,横浜市栄区,田谷町,2021/4/3,21,駐車（輪）場,駐車（輪）場,施錠した,なし
窃盗,車上ねらい,栄,豊田,141151,神奈川県,横浜市栄区,長沼町,2020/12/29,13,駐車（輪）場,駐車（輪）場,施錠した,なし
窃盗,車上ねらい,栄,豊田,141151,神奈川県,横浜市栄区,長沼町,2021/3/11,21,駐車（輪）場,駐車（輪）場,施錠した,あり
窃盗,車上ねらい,青葉,あざみ野駅前,141178,神奈川県,横浜市青葉区,新石川１丁目,2021/9/25,9,道路上,その他,施錠せず,なし
窃盗,車上ねらい,青葉,こどもの国駅前,141178,神奈川県,横浜市青葉区,奈良町,2021/6/15,15,その他,その他,施錠せず,なし
窃盗,車上ねらい,青葉,たまプラーザ駅前,141178,神奈川県,横浜市青葉区,美しが丘２丁目,2021/2/1,23,４階建て以上共同住宅,駐車（輪）場,施錠した,なし
窃盗,車上ねらい,青葉,市が尾駅前,141178,神奈川県,横浜市青葉区,市ケ尾町,2021/3/14,13,その他,その他,施錠せず,あり
窃盗,車上ねらい,青葉,市が尾駅前,141178,神奈川県,横浜市青葉区,市ケ尾町,2021/6/27,10,その他,その他,施錠せず,あり
窃盗,車上ねらい,青葉,市が尾駅前,141178,神奈川県,横浜市青葉区,市ケ尾町,2021/8/5,21,その他の住宅（３階建て以下共同住宅等）,その他,施錠せず,あり
窃盗,車上ねらい,青葉,市が尾駅前,141178,神奈川県,横浜市青葉区,市ケ尾町,2021/10/10,20,一戸建住宅,駐車（輪）場,施錠せず,なし
窃盗,車上ねらい,青葉,市が尾駅前,141178,神奈川県,横浜市青葉区,下谷本町,2021/10/30,20,道路上,その他,施錠した,なし
窃盗,車上ねらい,青葉,田奈駅前,141178,神奈川県,横浜市青葉区,,2021/7/31,22,その他の住宅（３階建て以下共同住宅等）,駐車（輪）場,施錠した,あり
窃盗,車上ねらい,青葉,田奈駅前,141178,神奈川県,横浜市青葉区,あかね台１丁目,2021/1/18,12,一戸建住宅,駐車（輪）場,施錠せず,あり
窃盗,車上ねらい,青葉,田奈駅前,141178,神奈川県,横浜市青葉区,恩田町,2021/6/2,13,道路上,その他,施錠せず,あり
窃盗,車上ねらい,青葉,藤が丘駅前,141178,神奈川県,横浜市青葉区,藤が丘２丁目,2021/3/19,11,道路上,その他,施錠せず,なし
窃盗,車上ねらい,青葉,鉄町,141178,神奈川県,横浜市青葉区,大場町,2021/10/29,18,一戸建住宅,駐車（輪）場,施錠せず,あり
窃盗,車上ねらい,青葉,鉄町,141178,神奈川県,横浜市青葉区,大場町,2021/10/30,19,一戸建住宅,駐車（輪）場,施錠せず,なし
窃盗,車上ねらい,青葉,鉄町,141178,神奈川県,横浜市青葉区,たちばな台２丁目,2021/10/31,21,一戸建住宅,駐車（輪）場,施錠せず,あり
窃盗,車上ねらい,青葉,青葉台駅前,141178,神奈川県,横浜市青葉区,桜台,2021/1/29,12,４階建て以上共同住宅,駐車（輪）場,施錠した,なし
窃盗,車上ねらい,青葉,青葉台駅前,141178,神奈川県,横浜市青葉区,藤が丘１丁目,2021/6/14,8,駐車（輪）場,駐車（輪）場,施錠せず,なし
窃盗,車上ねらい,青葉,鴨志田,141178,神奈川県,横浜市青葉区,桂台２丁目,2021/10/30,16,一戸建住宅,その他,施錠せず,なし
窃盗,車上ねらい,青葉,鴨志田,141178,神奈川県,横浜市青葉区,すみよし台,2021/5/8,10,道路上,その他,施錠せず,あり
窃盗,車上ねらい,都筑,センター北駅前,141186,神奈川県,横浜市都筑区,牛久保西１丁目,2021/4/29,21,駐車（輪）場,駐車（輪）場,施錠した,あり
窃盗,車上ねらい,都筑,センター北駅前,141186,神奈川県,横浜市都筑区,茅ケ崎東２丁目,2021/6/16,13,道路上,その他,施錠せず,あり
窃盗,車上ねらい,都筑,北山田駅前,141186,神奈川県,横浜市都筑区,大棚町,2021/4/29,20,駐車（輪）場,駐車（輪）場,施錠した,なし
窃盗,車上ねらい,都筑,北山田駅前,141186,神奈川県,横浜市都筑区,勝田町,2021/9/14,13,道路上,その他,施錠した,あり
窃盗,車上ねらい,都筑,北山田駅前,141186,神奈川県,横浜市都筑区,北山田１丁目,2021/9/5,17,その他,駐車（輪）場,施錠せず,なし
窃盗,車上ねらい,都筑,北山田駅前,141186,神奈川県,横浜市都筑区,東山田町,2021/1/19,20,一戸建住宅,その他,施錠した,あり
窃盗,車上ねらい,都筑,北山田駅前,141186,神奈川県,横浜市都筑区,南山田町,2021/3/4,16,駐車（輪）場,駐車（輪）場,施錠した,なし
窃盗,車上ねらい,都筑,北山田駅前,141186,神奈川県,横浜市都筑区,南山田町,2021/5/8,12,駐車（輪）場,駐車（輪）場,施錠した,なし
窃盗,車上ねらい,都筑,川和,141186,神奈川県,横浜市都筑区,富士見が丘,2021/12/13,23,一戸建住宅,その他,施錠せず,あり
窃盗,車上ねらい,都筑,池辺町,141186,神奈川県,横浜市都筑区,池辺町,2021/11/7,22,その他の住宅（３階建て以下共同住宅等）,駐車（輪）場,施錠した,あり
窃盗,車上ねらい,都筑,池辺町,141186,神奈川県,横浜市都筑区,池辺町,2021/12/11,19,その他の住宅（３階建て以下共同住宅等）,駐車（輪）場,施錠せず,なし
窃盗,車上ねらい,都筑,池辺町,141186,神奈川県,横浜市都筑区,高山,2021/6/25,10,駐車（輪）場,駐車（輪）場,施錠せず,あり
窃盗,車上ねらい,麻生,南王禅寺,141372,神奈川県,川崎市麻生区,王禅寺東１丁目,2021/9/21,19,一戸建住宅,駐車（輪）場,施錠せず,なし
窃盗,車上ねらい,麻生,南王禅寺,141372,神奈川県,川崎市麻生区,王禅寺東２丁目,2021/8/27,10,一戸建住宅,駐車（輪）場,施錠せず,あり
窃盗,車上ねらい,麻生,南王禅寺,141372,神奈川県,川崎市麻生区,王禅寺東５丁目,2021/1/31,23,道路上,その他,施錠した,あり
窃盗,車上ねらい,麻生,新百合ヶ丘駅前,141372,神奈川県,川崎市麻生区,上麻生１丁目,2021/10/13,19,その他,駐車（輪）場,施錠した,なし
窃盗,車上ねらい,麻生,柿生,141372,神奈川県,川崎市麻生区,上麻生７丁目,2021/1/29,19,駐車（輪）場,駐車（輪）場,施錠した,あり
窃盗,車上ねらい,麻生,栗平駅前,141372,神奈川県,川崎市麻生区,五力田２丁目,2021/11/17,23,その他,その他,施錠せず,なし
窃盗,車上ねらい,麻生,栗平駅前,141372,神奈川県,川崎市麻生区,はるひ野１丁目,2021/6/25,23,その他の住宅（３階建て以下共同住宅等）,駐車（輪）場,施錠した,あり
窃盗,車上ねらい,麻生,百合丘,141372,神奈川県,川崎市麻生区,高石４丁目,2021/6/28,13,その他,その他,施錠せず,あり
窃盗,車上ねらい,麻生,百合丘,141372,神奈川県,川崎市麻生区,高石４丁目,2021/9/26,18,道路上,その他,施錠せず,なし
窃盗,車上ねらい,麻生,百合丘,141372,神奈川県,川崎市麻生区,東百合丘２丁目,2021/9/9,16,その他,駐車（輪）場,施錠した,なし
窃盗,車上ねらい,川崎,中島町,141313,神奈川県,川崎市川崎区,旭町２丁目,2021/5/14,11,道路上,その他,施錠せず,あり
窃盗,車上ねらい,川崎,中島町,141313,神奈川県,川崎市川崎区,旭町２丁目,2021/5/29,15,その他,その他,施錠せず,なし
窃盗,車上ねらい,川崎,中島町,141313,神奈川県,川崎市川崎区,伊勢町,2021/5/24,10,道路上,その他,施錠せず,あり
窃盗,車上ねらい,川崎,中島町,141313,神奈川県,川崎市川崎区,伊勢町,2021/9/4,21,一戸建住宅,駐車（輪）場,施錠した,なし
窃盗,車上ねらい,川崎,中島町,141313,神奈川県,川崎市川崎区,伊勢町,2021/9/24,9,道路上,その他,施錠せず,あり
窃盗,車上ねらい,川崎,中島町,141313,神奈川県,川崎市川崎区,中島１丁目,2021/10/26,13,その他,駐車（輪）場,施錠せず,あり
窃盗,車上ねらい,川崎,中島町,141313,神奈川県,川崎市川崎区,中島３丁目,2021/6/2,10,道路上,その他,施錠せず,あり
窃盗,車上ねらい,川崎,京町通,141313,神奈川県,川崎市川崎区,小田１丁目,2020/9/15,12,道路上,その他,施錠せず,なし
窃盗,車上ねらい,川崎,南町,141313,神奈川県,川崎市川崎区,貝塚１丁目,2021/6/14,12,道路上,その他,施錠せず,あり
窃盗,車上ねらい,川崎,南町,141313,神奈川県,川崎市川崎区,日進町,2021/5/19,20,道路上,その他,施錠せず,なし
窃盗,車上ねらい,川崎,南町,141313,神奈川県,川崎市川崎区,東田町,2021/7/11,16,駐車（輪）場,駐車（輪）場,施錠せず,なし
窃盗,車上ねらい,川崎,南町,141313,神奈川県,川崎市川崎区,富士見１丁目,2021/8/23,1,道路上,その他,施錠した,なし
窃盗,車上ねらい,川崎,南町,141313,神奈川県,川崎市川崎区,南町,2021/1/22,22,駐車（輪）場,駐車（輪）場,施錠した,なし
窃盗,車上ねらい,川崎,南町,141313,神奈川県,川崎市川崎区,南町,2021/10/26,8,道路上,その他,施錠せず,あり
窃盗,車上ねらい,川崎,南町,141313,神奈川県,川崎市川崎区,元木１丁目,2021/12/26,20,４階建て以上共同住宅,その他,施錠せず,あり
窃盗,車上ねらい,川崎,南町,141313,神奈川県,川崎市川崎区,渡田１丁目,2021/11/4,9,道路上,その他,施錠せず,あり
窃盗,車上ねらい,川崎,大島町,141313,神奈川県,川崎市川崎区,大島１丁目,2021/7/6,8,道路上,その他,施錠せず,あり
窃盗,車上ねらい,川崎,大島町,141313,神奈川県,川崎市川崎区,大島１丁目,2021/12/15,8,駐車（輪）場,駐車（輪）場,施錠せず,あり
窃盗,車上ねらい,川崎,大島町,141313,神奈川県,川崎市川崎区,大島３丁目,2020/8/27,15,一戸建住宅,駐車（輪）場,施錠せず,あり
窃盗,車上ねらい,川崎,大島町,141313,神奈川県,川崎市川崎区,大島３丁目,2021/6/2,8,道路上,その他,施錠せず,あり
窃盗,車上ねらい,川崎,大島町,141313,神奈川県,川崎市川崎区,大島上町,2021/3/23,15,その他,その他,施錠せず,あり
窃盗,車上ねらい,川崎,大師駅前,141313,神奈川県,川崎市川崎区,大師駅前１丁目,2021/9/14,11,道路上,その他,施錠せず,あり
窃盗,車上ねらい,川崎,大師駅前,141313,神奈川県,川崎市川崎区,大師駅前２丁目,2021/5/22,10,道路上,その他,施錠せず,あり
窃盗,車上ねらい,川崎,大師駅前,141313,神奈川県,川崎市川崎区,大師駅前２丁目,2021/6/9,9,道路上,その他,施錠せず,あり
窃盗,車上ねらい,川崎,大師駅前,141313,神奈川県,川崎市川崎区,大師本町,2021/10/27,10,駐車（輪）場,駐車（輪）場,施錠せず,あり
窃盗,車上ねらい,川崎,大師駅前,141313,神奈川県,川崎市川崎区,大師町,2021/5/5,15,道路上,その他,施錠せず,あり
窃盗,車上ねらい,川崎,大師駅前,141313,神奈川県,川崎市川崎区,中瀬２丁目,2021/2/13,16,駐車（輪）場,駐車（輪）場,施錠した,なし
窃盗,車上ねらい,川崎,大師駅前,141313,神奈川県,川崎市川崎区,東門前３丁目,2021/8/28,8,道路上,その他,施錠せず,あり
窃盗,車上ねらい,川崎,大師駅前,141313,神奈川県,川崎市川崎区,藤崎３丁目,2021/4/30,15,道路上,その他,施錠せず,あり
窃盗,車上ねらい,川崎,富士見公園,141313,神奈川県,川崎市川崎区,旭町１丁目,2021/6/1,6,４階建て以上共同住宅,駐車（輪）場,施錠せず,なし
窃盗,車上ねらい,川崎,富士見公園,141313,神奈川県,川崎市川崎区,境町,2021/6/25,11,４階建て以上共同住宅,その他,施錠せず,あり
窃盗,車上ねらい,川崎,富士見公園,141313,神奈川県,川崎市川崎区,境町,2021/7/4,10,道路上,その他,施錠せず,あり
窃盗,車上ねらい,川崎,富士見公園,141313,神奈川県,川崎市川崎区,境町,2021/11/19,20,その他,その他,施錠せず,なし
窃盗,車上ねらい,川崎,富士見公園,141313,神奈川県,川崎市川崎区,宮前町,2021/3/5,18,一戸建住宅,駐車（輪）場,施錠した,なし
窃盗,車上ねらい,川崎,小田,141313,神奈川県,川崎市川崎区,小田５丁目,2021/11/10,16,道路上,その他,施錠せず,あり
窃盗,車上ねらい,川崎,川崎駅前,141313,神奈川県,川崎市川崎区,砂子１丁目,2021/10/15,15,道路上,その他,施錠せず,あり
窃盗,車上ねらい,川崎,川崎駅前,141313,神奈川県,川崎市川崎区,砂子２丁目,2021/1/20,6,道路上,その他,施錠せず,なし
窃盗,車上ねらい,川崎,川崎駅前,141313,神奈川県,川崎市川崎区,砂子２丁目,2021/8/1,23,道路上,その他,施錠せず,あり
窃盗,車上ねらい,川崎,川崎駅前,141313,神奈川県,川崎市川崎区,駅前本町,2021/7/27,0,道路上,その他,施錠した,なし
窃盗,車上ねらい,川崎,川崎駅前,141313,神奈川県,川崎市川崎区,駅前本町,2021/10/21,14,道路上,その他,施錠せず,なし
窃盗,車上ねらい,川崎,川崎駅前,141313,神奈川県,川崎市川崎区,小川町,2020/12/23,7,４階建て以上共同住宅,駐車（輪）場,施錠した,なし
窃盗,車上ねらい,川崎,川崎駅前,141313,神奈川県,川崎市川崎区,本町１丁目,2021/1/2,14,駐車（輪）場,駐車（輪）場,施錠した,なし
窃盗,車上ねらい,川崎,川崎駅前,141313,神奈川県,川崎市川崎区,本町２丁目,2021/3/7,18,４階建て以上共同住宅,駐車（輪）場,施錠した,なし
窃盗,車上ねらい,川崎,川崎駅前,141313,神奈川県,川崎市川崎区,宮本町,2021/2/5,21,駐車（輪）場,駐車（輪）場,施錠した,あり
窃盗,車上ねらい,川崎,浅田,141313,神奈川県,川崎市川崎区,浅田３丁目,2021/4/9,23,駐車（輪）場,駐車（輪）場,施錠した,なし
窃盗,車上ねらい,川崎,渡田,141313,神奈川県,川崎市川崎区,渡田１丁目,2021/9/14,8,その他,駐車（輪）場,施錠せず,あり
窃盗,車上ねらい,川崎,渡田,141313,神奈川県,川崎市川崎区,渡田１丁目,2021/9/14,8,道路上,その他,施錠せず,なし
窃盗,車上ねらい,川崎,渡田,141313,神奈川県,川崎市川崎区,渡田２丁目,2021/2/7,18,道路上,その他,施錠せず,あり
窃盗,車上ねらい,川崎,渡田,141313,神奈川県,川崎市川崎区,渡田３丁目,2021/5/1,14,道路上,その他,施錠せず,あり
窃盗,車上ねらい,川崎,渡田,141313,神奈川県,川崎市川崎区,渡田３丁目,2021/7/19,9,道路上,その他,施錠せず,あり
窃盗,車上ねらい,川崎,渡田,141313,神奈川県,川崎市川崎区,渡田３丁目,2021/9/22,15,道路上,その他,施錠せず,あり
窃盗,車上ねらい,川崎,渡田,141313,神奈川県,川崎市川崎区,渡田３丁目,2021/10/7,10,道路上,その他,施錠せず,なし
窃盗,車上ねらい,川崎,渡田,141313,神奈川県,川崎市川崎区,渡田東町,2021/10/28,14,道路上,その他,施錠せず,なし
窃盗,車上ねらい,川崎,藤崎,141313,神奈川県,川崎市川崎区,藤崎１丁目,2021/1/22,15,その他の住宅（３階建て以下共同住宅等）,駐車（輪）場,施錠した,なし
窃盗,車上ねらい,川崎,藤崎,141313,神奈川県,川崎市川崎区,藤崎４丁目,2021/1/2,23,４階建て以上共同住宅,駐車（輪）場,施錠した,なし
窃盗,車上ねらい,川崎,藤崎,141313,神奈川県,川崎市川崎区,藤崎４丁目,2021/2/5,14,道路上,その他,施錠せず,なし
窃盗,車上ねらい,川崎臨港,出来野,141313,神奈川県,川崎市川崎区,江川２丁目,2021/6/18,18,駐車（輪）場,駐車（輪）場,施錠せず,なし
窃盗,車上ねらい,川崎臨港,出来野,141313,神奈川県,川崎市川崎区,塩浜４丁目,2019/10/7,18,その他,その他,施錠せず,なし
窃盗,車上ねらい,川崎臨港,出来野,141313,神奈川県,川崎市川崎区,田町２丁目,2021/3/26,9,４階建て以上共同住宅,駐車（輪）場,施錠した,なし
窃盗,車上ねらい,川崎臨港,出来野,141313,神奈川県,川崎市川崎区,田町３丁目,2021/3/24,22,道路上,その他,施錠した,あり
窃盗,車上ねらい,川崎臨港,出来野,141313,神奈川県,川崎市川崎区,四谷上町,2021/2/13,16,その他の住宅（３階建て以下共同住宅等）,駐車（輪）場,施錠した,なし
窃盗,車上ねらい,川崎臨港,浜町,141313,神奈川県,川崎市川崎区,池上新町１丁目,2021/8/18,23,一戸建住宅,駐車（輪）場,施錠した,あり
窃盗,車上ねらい,川崎臨港,浜町,141313,神奈川県,川崎市川崎区,池上新町２丁目,2021/9/13,21,道路上,その他,施錠した,あり
窃盗,車上ねらい,川崎臨港,浜町,141313,神奈川県,川崎市川崎区,扇町,2021/1/4,15,その他,駐車（輪）場,施錠せず,あり
窃盗,車上ねらい,川崎臨港,浜町,141313,神奈川県,川崎市川崎区,桜本１丁目,2021/2/2,9,道路上,その他,施錠せず,あり
窃盗,車上ねらい,川崎臨港,浜町,141313,神奈川県,川崎市川崎区,桜本１丁目,2021/12/14,14,その他,駐車（輪）場,施錠した,なし
窃盗,車上ねらい,川崎臨港,浜町,141313,神奈川県,川崎市川崎区,浜町２丁目,2021/1/26,21,駐車（輪）場,駐車（輪）場,施錠した,なし
窃盗,車上ねらい,川崎臨港,浜町,141313,神奈川県,川崎市川崎区,水江町,2021/1/10,18,その他,駐車（輪）場,施錠した,なし
窃盗,車上ねらい,川崎臨港,鋼管通,141313,神奈川県,川崎市川崎区,鋼管通１丁目,2021/10/4,10,道路上,その他,施錠せず,あり
窃盗,車上ねらい,中原,上平間,141330,神奈川県,川崎市中原区,上平間,2021/2/13,20,駐車（輪）場,駐車（輪）場,施錠した,あり
窃盗,車上ねらい,中原,上平間,141330,神奈川県,川崎市中原区,上平間,2021/7/18,10,駐車（輪）場,駐車（輪）場,施錠せず,あり
窃盗,車上ねらい,中原,中丸子,141330,神奈川県,川崎市中原区,中丸子,2021/2/24,20,駐車（輪）場,駐車（輪）場,施錠した,なし
窃盗,車上ねらい,中原,中丸子,141330,神奈川県,川崎市中原区,中丸子,2021/7/10,21,４階建て以上共同住宅,駐車（輪）場,施錠した,なし
窃盗,車上ねらい,中原,丸子橋,141330,神奈川県,川崎市中原区,上丸子山王町１丁目,2021/8/1,18,その他,その他,施錠せず,あり
窃盗,車上ねらい,中原,丸子橋,141330,神奈川県,川崎市中原区,丸子通１丁目,2021/8/21,17,一戸建住宅,駐車（輪）場,施錠した,なし
窃盗,車上ねらい,中原,丸子橋,141330,神奈川県,川崎市中原区,丸子通１丁目,2021/9/8,16,４階建て以上共同住宅,駐車（輪）場,施錠した,なし
窃盗,車上ねらい,中原,井田,141330,神奈川県,川崎市中原区,井田杉山町,2021/3/18,15,その他,その他,施錠せず,あり
窃盗,車上ねらい,中原,井田,141330,神奈川県,川崎市中原区,井田杉山町,2021/4/6,16,その他,その他,施錠せず,あり
窃盗,車上ねらい,中原,井田,141330,神奈川県,川崎市中原区,井田杉山町,2021/4/9,16,その他,その他,施錠せず,なし
窃盗,車上ねらい,中原,井田,141330,神奈川県,川崎市中原区,井田中ノ町,2021/4/6,13,その他,その他,施錠せず,あり
窃盗,車上ねらい,中原,井田,141330,神奈川県,川崎市中原区,井田中ノ町,2021/4/11,15,その他,その他,施錠せず,あり
窃盗,車上ねらい,中原,向河原,141330,神奈川県,川崎市中原区,市ノ坪,2021/4/8,16,その他,その他,施錠せず,なし
窃盗,車上ねらい,中原,向河原,141330,神奈川県,川崎市中原区,上丸子山王町２丁目,2021/5/22,3,駐車（輪）場,駐車（輪）場,施錠した,なし
窃盗,車上ねらい,中原,向河原,141330,神奈川県,川崎市中原区,下沼部,2021/7/9,21,駐車（輪）場,駐車（輪）場,施錠した,なし
窃盗,車上ねらい,中原,向河原,141330,神奈川県,川崎市中原区,中丸子,2021/7/30,9,その他,その他,施錠せず,あり
窃盗,車上ねらい,中原,木月,141330,神奈川県,川崎市中原区,木月住吉町,2021/4/1,15,その他,その他,施錠せず,あり
窃盗,車上ねらい,中原,木月,141330,神奈川県,川崎市中原区,木月住吉町,2021/4/7,13,その他,その他,施錠せず,あり
窃盗,車上ねらい,中原,木月,141330,神奈川県,川崎市中原区,木月住吉町,2021/4/11,15,その他,その他,施錠せず,あり
窃盗,車上ねらい,中原,木月,141330,神奈川県,川崎市中原区,木月住吉町,2021/4/16,16,その他,その他,施錠せず,あり
窃盗,車上ねらい,中原,木月三丁目,141330,神奈川県,川崎市中原区,木月４丁目,2021/4/13,16,その他,その他,施錠せず,あり
窃盗,車上ねらい,中原,木月三丁目,141330,神奈川県,川崎市中原区,木月４丁目,2021/7/19,11,その他,駐車（輪）場,施錠せず,なし
窃盗,車上ねらい,中原,木月三丁目,141330,神奈川県,川崎市中原区,木月４丁目,2021/7/21,14,その他,駐車（輪）場,施錠せず,なし
窃盗,車上ねらい,中原,武蔵中原駅前,141330,神奈川県,川崎市中原区,上小田中６丁目,2021/7/11,0,その他,駐車（輪）場,施錠した,あり
窃盗,車上ねらい,中原,武蔵小杉駅前,141330,神奈川県,川崎市中原区,新丸子東２丁目,2021/11/17,12,道路上,その他,施錠せず,あり
窃盗,車上ねらい,中原,武蔵新城駅前,141330,神奈川県,川崎市中原区,上小田中１丁目,2021/6/7,12,道路上,その他,施錠せず,あり
窃盗,車上ねらい,中原,武蔵新城駅前,141330,神奈川県,川崎市中原区,新城５丁目,2021/2/27,13,道路上,その他,施錠せず,なし
窃盗,車上ねらい,中原,武蔵新城駅前,141330,神奈川県,川崎市中原区,宮内３丁目,2021/8/7,18,駐車（輪）場,駐車（輪）場,施錠せず,なし
窃盗,車上ねらい,高津,久末,141348,神奈川県,川崎市高津区,久末,2021/1/12,17,駐車（輪）場,駐車（輪）場,施錠せず,なし
窃盗,車上ねらい,高津,久末,141348,神奈川県,川崎市高津区,久末,2021/3/6,16,駐車（輪）場,駐車（輪）場,施錠せず,なし
窃盗,車上ねらい,高津,二子新地駅前,141348,神奈川県,川崎市高津区,久地１丁目,2021/9/13,0,４階建て以上共同住宅,駐車（輪）場,施錠した,あり
窃盗,車上ねらい,高津,北見方,141348,神奈川県,川崎市高津区,北見方１丁目,2021/6/7,11,道路上,その他,施錠せず,あり
窃盗,車上ねらい,高津,北見方,141348,神奈川県,川崎市高津区,北見方２丁目,2021/6/9,13,道路上,その他,施錠せず,なし
窃盗,車上ねらい,高津,北見方,141348,神奈川県,川崎市高津区,北見方２丁目,2021/7/6,15,４階建て以上共同住宅,その他,施錠せず,あり
窃盗,車上ねらい,高津,北見方,141348,神奈川県,川崎市高津区,北見方３丁目,2020/10/14,18,その他,その他,施錠せず,なし
窃盗,車上ねらい,高津,北見方,141348,神奈川県,川崎市高津区,坂戸３丁目,2021/5/15,11,一戸建住宅,その他,施錠せず,なし
窃盗,車上ねらい,高津,北見方,141348,神奈川県,川崎市高津区,二子５丁目,2021/6/2,14,４階建て以上共同住宅,駐車（輪）場,施錠せず,あり
窃盗,車上ねらい,高津,北見方,141348,神奈川県,川崎市高津区,二子５丁目,2021/7/15,20,その他,駐車（輪）場,施錠した,なし
窃盗,車上ねらい,高津,北見方,141348,神奈川県,川崎市高津区,溝口３丁目,2021/1/16,21,道路上,その他,施錠せず,あり
窃盗,車上ねらい,高津,北見方,141348,神奈川県,川崎市高津区,溝口３丁目,2021/6/2,15,道路上,その他,施錠せず,あり
窃盗,車上ねらい,高津,北見方,141348,神奈川県,川崎市高津区,溝口４丁目,2021/8/15,9,道路上,その他,施錠せず,なし
窃盗,車上ねらい,高津,千年,141348,神奈川県,川崎市高津区,子母口,2021/1/12,18,駐車（輪）場,駐車（輪）場,施錠せず,なし
窃盗,車上ねらい,高津,千年,141348,神奈川県,川崎市高津区,子母口,2021/3/25,8,その他,駐車（輪）場,施錠せず,あり
窃盗,車上ねらい,高津,千年,141348,神奈川県,川崎市高津区,千年,2017/11/1,0,道路上,その他,施錠せず,なし
窃盗,車上ねらい,高津,千年,141348,神奈川県,川崎市高津区,千年,2021/12/21,14,その他,その他,施錠せず,あり
窃盗,車上ねらい,高津,千年,141348,神奈川県,川崎市高津区,千年新町,2021/6/30,9,道路上,その他,施錠せず,あり
窃盗,車上ねらい,高津,千年,141348,神奈川県,川崎市高津区,北野川,2021/1/14,22,その他の住宅（３階建て以下共同住宅等）,駐車（輪）場,施錠した,なし
窃盗,車上ねらい,高津,末長,141348,神奈川県,川崎市高津区,末長１丁目,2021/12/26,11,道路上,その他,施錠せず,あり
窃盗,車上ねらい,高津,末長,141348,神奈川県,川崎市高津区,末長２丁目,2021/5/10,8,その他,その他,施錠せず,あり
窃盗,車上ねらい,高津,津田山駅前,141348,神奈川県,川崎市高津区,宇奈根,2021/5/12,11,その他,駐車（輪）場,施錠した,なし
窃盗,車上ねらい,高津,溝口駅前,141348,神奈川県,川崎市高津区,久本３丁目,2020/7/15,17,道路上,その他,施錠した,あり
窃盗,車上ねらい,高津,溝口駅前,141348,神奈川県,川崎市高津区,久本３丁目,2020/11/18,18,その他,駐車（輪）場,施錠せず,なし
窃盗,車上ねらい,高津,溝口駅前,141348,神奈川県,川崎市高津区,久本３丁目,2021/1/4,18,その他,駐車（輪）場,施錠せず,なし
窃盗,車上ねらい,高津,溝口駅前,141348,神奈川県,川崎市高津区,久本３丁目,2021/1/19,1,駐車（輪）場,駐車（輪）場,施錠した,あり
窃盗,車上ねらい,高津,溝口駅前,141348,神奈川県,川崎市高津区,久本３丁目,2021/3/18,21,駐車（輪）場,駐車（輪）場,施錠した,なし
窃盗,車上ねらい,高津,溝口駅前,141348,神奈川県,川崎市高津区,久本３丁目,2021/4/14,7,道路上,その他,施錠せず,あり
窃盗,車上ねらい,高津,溝口駅前,141348,神奈川県,川崎市高津区,溝口１丁目,2020/6/20,19,道路上,その他,施錠した,あり
窃盗,車上ねらい,高津,溝口駅前,141348,神奈川県,川崎市高津区,溝口１丁目,2020/10/13,18,その他,その他,施錠せず,なし
窃盗,車上ねらい,高津,溝口駅前,141348,神奈川県,川崎市高津区,溝口１丁目,2021/2/21,4,駐車（輪）場,駐車（輪）場,施錠した,なし
窃盗,車上ねらい,高津,溝口駅前,141348,神奈川県,川崎市高津区,溝口１丁目,2021/7/3,11,道路上,その他,施錠した,あり
窃盗,車上ねらい,高津,溝口駅前,141348,神奈川県,川崎市高津区,溝口１丁目,2021/7/3,11,駐車（輪）場,駐車（輪）場,施錠せず,あり
窃盗,車上ねらい,高津,溝口駅前,141348,神奈川県,川崎市高津区,溝口２丁目,2021/5/16,23,道路上,その他,施錠せず,あり
窃盗,車上ねらい,高津,溝口駅前,141348,神奈川県,川崎市高津区,溝口２丁目,2021/6/16,0,その他,駐車（輪）場,施錠せず,あり
窃盗,車上ねらい,多摩,中野島,141356,神奈川県,川崎市多摩区,中野島３丁目,2021/5/22,2,その他,駐車（輪）場,施錠せず,なし
窃盗,車上ねらい,多摩,中野島,141356,神奈川県,川崎市多摩区,中野島６丁目,2021/11/7,23,駐車（輪）場,駐車（輪）場,施錠せず,あり
窃盗,車上ねらい,多摩,向ヶ丘遊園駅前,141356,神奈川県,川崎市多摩区,登戸,2021/10/23,19,駐車（輪）場,駐車（輪）場,施錠せず,あり
窃盗,車上ねらい,多摩,堰,141356,神奈川県,川崎市多摩区,宿河原７丁目,2021/5/28,1,駐車（輪）場,駐車（輪）場,施錠した,あり
窃盗,車上ねらい,多摩,宿河原,141356,神奈川県,川崎市多摩区,宿河原２丁目,2021/8/12,7,駐車（輪）場,駐車（輪）場,施錠せず,なし
窃盗,車上ねらい,多摩,宿河原,141356,神奈川県,川崎市多摩区,長尾４丁目,2021/8/27,23,駐車（輪）場,駐車（輪）場,施錠した,あり
窃盗,車上ねらい,多摩,宿河原,141356,神奈川県,川崎市多摩区,長尾５丁目,2021/8/28,20,駐車（輪）場,駐車（輪）場,施錠せず,なし
窃盗,車上ねらい,多摩,生田,141356,神奈川県,川崎市多摩区,生田８丁目,2021/6/16,9,道路上,その他,施錠せず,なし
窃盗,車上ねらい,多摩,生田,141356,神奈川県,川崎市多摩区,枡形４丁目,2021/5/11,19,その他,駐車（輪）場,施錠せず,なし
窃盗,車上ねらい,多摩,登戸駅前,141356,神奈川県,川崎市多摩区,宿河原１丁目,2021/7/26,7,その他,駐車（輪）場,施錠した,なし
窃盗,車上ねらい,多摩,登戸駅前,141356,神奈川県,川崎市多摩区,登戸新町,2021/2/20,10,駐車（輪）場,駐車（輪）場,施錠した,なし
窃盗,車上ねらい,幸,下平間,141321,神奈川県,川崎市幸区,下平間,2021/3/31,13,その他の住宅（３階建て以下共同住宅等）,その他,施錠せず,あり
窃盗,車上ねらい,幸,下平間,141321,神奈川県,川崎市幸区,下平間,2021/7/10,18,４階建て以上共同住宅,駐車（輪）場,施錠した,あり
窃盗,車上ねらい,幸,下平間,141321,神奈川県,川崎市幸区,下平間,2021/10/6,17,駐車（輪）場,駐車（輪）場,施錠した,なし
窃盗,車上ねらい,幸,北加瀬,141321,神奈川県,川崎市幸区,北加瀬２丁目,2021/9/15,21,一戸建住宅,その他,施錠せず,あり
窃盗,車上ねらい,幸,北加瀬,141321,神奈川県,川崎市幸区,南加瀬２丁目,2021/2/3,12,駐車（輪）場,駐車（輪）場,施錠した,なし
窃盗,車上ねらい,幸,古市場,141321,神奈川県,川崎市幸区,古市場２丁目,2021/9/20,13,一戸建住宅,駐車（輪）場,施錠せず,あり
窃盗,車上ねらい,幸,塚越,141321,神奈川県,川崎市幸区,戸手本町２丁目,2021/10/27,10,道路上,その他,施錠せず,あり
窃盗,車上ねらい,幸,小向東芝町,141321,神奈川県,川崎市幸区,小向町,2021/2/20,20,駐車（輪）場,駐車（輪）場,施錠した,あり
窃盗,車上ねらい,幸,小向東芝町,141321,神奈川県,川崎市幸区,戸手２丁目,2021/9/18,18,駐車（輪）場,駐車（輪）場,施錠した,なし
窃盗,車上ねらい,幸,川崎駅西口,141321,神奈川県,川崎市幸区,南幸町２丁目,2021/2/11,18,駐車（輪）場,駐車（輪）場,施錠した,なし
窃盗,車上ねらい,幸,日吉,141321,神奈川県,川崎市幸区,南加瀬４丁目,2021/10/2,20,駐車（輪）場,駐車（輪）場,施錠した,なし
窃盗,車上ねらい,幸,河原町,141321,神奈川県,川崎市幸区,河原町,2021/4/6,17,道路上,その他,施錠せず,あり
窃盗,車上ねらい,幸,鹿島田駅前,141321,神奈川県,川崎市幸区,小倉,2021/8/19,17,その他,駐車（輪）場,施錠せず,なし
窃盗,車上ねらい,宮前,神木,141364,神奈川県,川崎市宮前区,神木本町２丁目,2021/9/7,20,その他の住宅（３階建て以下共同住宅等）,その他,施錠せず,なし
窃盗,車上ねらい,宮前,神木,141364,神奈川県,川崎市宮前区,神木本町２丁目,2021/11/2,1,その他,その他,施錠した,あり
窃盗,車上ねらい,宮前,神木,141364,神奈川県,川崎市宮前区,平１丁目,2021/7/9,18,その他の住宅（３階建て以下共同住宅等）,駐車（輪）場,施錠した,なし
窃盗,車上ねらい,宮前,蔵敷,141364,神奈川県,川崎市宮前区,犬蔵１丁目,2021/1/19,1,その他,駐車（輪）場,施錠した,なし
窃盗,車上ねらい,宮前,蔵敷,141364,神奈川県,川崎市宮前区,犬蔵１丁目,2021/1/22,18,駐車（輪）場,駐車（輪）場,施錠した,なし
窃盗,車上ねらい,宮前,蔵敷,141364,神奈川県,川崎市宮前区,初山１丁目,2021/5/24,20,道路上,その他,施錠した,なし
窃盗,車上ねらい,宮前,野川,141364,神奈川県,川崎市宮前区,野川本町１丁目,2021/8/11,15,一戸建住宅,その他,施錠した,なし
窃盗,車上ねらい,宮前,馬絹,141364,神奈川県,川崎市宮前区,馬絹２丁目,2021/7/21,12,その他,駐車（輪）場,施錠せず,なし
窃盗,車上ねらい,宮前,馬絹,141364,神奈川県,川崎市宮前区,宮崎,2021/3/17,7,その他,その他,施錠せず,あり
窃盗,車上ねらい,宮前,馬絹,141364,神奈川県,川崎市宮前区,宮崎,2021/9/1,19,一戸建住宅,駐車（輪）場,施錠せず,なし
窃盗,車上ねらい,宮前,馬絹,141364,神奈川県,川崎市宮前区,宮崎３丁目,2021/10/17,10,道路上,その他,施錠せず,あり
窃盗,車上ねらい,宮前,鷺沼駅前,141364,神奈川県,川崎市宮前区,犬蔵２丁目,2021/5/20,9,道路上,その他,施錠せず,あり
窃盗,車上ねらい,宮前,鷺沼駅前,141364,神奈川県,川崎市宮前区,東有馬３丁目,2021/8/19,11,駐車（輪）場,駐車（輪）場,施錠せず,あり
窃盗,車上ねらい,横須賀,中央駅前,142018,神奈川県,横須賀市,深田台,2021/2/10,19,その他,駐車（輪）場,施錠した,なし
窃盗,車上ねらい,横須賀,中央駅前,142018,神奈川県,横須賀市,若松町１丁目,2021/1/7,23,駐車（輪）場,駐車（輪）場,施錠した,なし
窃盗,車上ねらい,横須賀,公郷町,142018,神奈川県,横須賀市,公郷町５丁目,2021/1/22,3,駐車（輪）場,駐車（輪）場,施錠した,なし
窃盗,車上ねらい,横須賀,公郷町,142018,神奈川県,横須賀市,公郷町６丁目,2021/2/17,9,道路上,その他,施錠せず,あり
窃盗,車上ねらい,横須賀,坂本町,142018,神奈川県,横須賀市,平和台,2021/6/28,23,４階建て以上共同住宅,駐車（輪）場,施錠せず,なし
窃盗,車上ねらい,横須賀,安浦町,142018,神奈川県,横須賀市,富士見町２丁目,2021/6/11,18,駐車（輪）場,駐車（輪）場,施錠せず,あり
窃盗,車上ねらい,横須賀,安浦町,142018,神奈川県,横須賀市,三春町１丁目,2021/1/30,20,その他の住宅（３階建て以下共同住宅等）,駐車（輪）場,施錠した,なし
窃盗,車上ねらい,横須賀,安浦町,142018,神奈川県,横須賀市,安浦町２丁目,2021/2/22,12,その他,駐車（輪）場,施錠せず,あり
窃盗,車上ねらい,横須賀,本町,142018,神奈川県,横須賀市,大滝町２丁目,2021/2/10,21,駐車（輪）場,駐車（輪）場,施錠した,あり
窃盗,車上ねらい,横須賀,本町,142018,神奈川県,横須賀市,大滝町２丁目,2021/8/10,3,駐車（輪）場,駐車（輪）場,施錠せず,なし
窃盗,車上ねらい,横須賀,武山,142018,神奈川県,横須賀市,太田和１丁目,2021/3/4,9,その他,その他,施錠せず,なし
窃盗,車上ねらい,横須賀,武山,142018,神奈川県,横須賀市,林４丁目,2021/11/30,8,駐車（輪）場,駐車（輪）場,施錠せず,あり
窃盗,車上ねらい,横須賀,秋谷,142018,神奈川県,横須賀市,秋谷,2021/1/23,18,その他の住宅（３階建て以下共同住宅等）,駐車（輪）場,施錠した,なし
窃盗,車上ねらい,横須賀,秋谷,142018,神奈川県,横須賀市,秋谷２丁目,2021/5/11,13,道路上,その他,施錠せず,あり
窃盗,車上ねらい,横須賀,衣笠駅前,142018,神奈川県,横須賀市,衣笠栄町１丁目,2021/2/8,18,駐車（輪）場,駐車（輪）場,施錠した,なし
窃盗,車上ねらい,横須賀,衣笠駅前,142018,神奈川県,横須賀市,衣笠栄町３丁目,2021/8/17,19,一戸建住宅,駐車（輪）場,施錠した,なし
窃盗,車上ねらい,横須賀,衣笠駅前,142018,神奈川県,横須賀市,汐見台１丁目,2021/5/19,2,駐車（輪）場,駐車（輪）場,施錠せず,なし
窃盗,車上ねらい,田浦,田浦町,142018,神奈川県,横須賀市,船越町１丁目,2021/8/4,18,駐車（輪）場,駐車（輪）場,施錠せず,あり
窃盗,車上ねらい,浦賀,久里浜,142018,神奈川県,横須賀市,内川新田,2021/6/28,15,駐車（輪）場,駐車（輪）場,施錠せず,あり
窃盗,車上ねらい,浦賀,久里浜,142018,神奈川県,横須賀市,久里浜２丁目,2021/12/1,17,その他,駐車（輪）場,施錠せず,あり
窃盗,車上ねらい,浦賀,久里浜,142018,神奈川県,横須賀市,久里浜４丁目,2021/2/16,17,駐車（輪）場,駐車（輪）場,施錠した,なし
窃盗,車上ねらい,浦賀,佐原,142018,神奈川県,横須賀市,粟田２丁目,2021/9/23,18,一戸建住宅,駐車（輪）場,施錠せず,あり
窃盗,車上ねらい,浦賀,佐原,142018,神奈川県,横須賀市,佐原２丁目,2021/1/17,21,駐車（輪）場,駐車（輪）場,施錠した,なし
窃盗,車上ねらい,浦賀,佐原,142018,神奈川県,横須賀市,佐原３丁目,2021/7/5,4,その他,駐車（輪）場,施錠せず,なし
窃盗,車上ねらい,浦賀,佐原,142018,神奈川県,横須賀市,佐原４丁目,2021/2/16,17,その他,駐車（輪）場,施錠した,なし
窃盗,車上ねらい,浦賀,北久里浜駅前,142018,神奈川県,横須賀市,根岸町４丁目,2021/2/10,12,道路上,その他,施錠せず,あり
窃盗,車上ねらい,浦賀,北久里浜駅前,142018,神奈川県,横須賀市,根岸町４丁目,2021/2/16,15,道路上,その他,施錠せず,なし
窃盗,車上ねらい,浦賀,浦賀港,142018,神奈川県,横須賀市,西浦賀５丁目,2021/5/31,12,道路上,その他,施錠せず,あり
窃盗,車上ねらい,藤沢北,六会日大駅前,142051,神奈川県,藤沢市,亀井野２丁目,2021/10/7,9,道路上,その他,施錠せず,あり
窃盗,車上ねらい,藤沢北,六会日大駅前,142051,神奈川県,藤沢市,亀井野４丁目,2021/1/19,14,道路上,その他,施錠せず,あり
窃盗,車上ねらい,藤沢北,善行,142051,神奈川県,藤沢市,本藤沢２丁目,2021/4/27,22,その他の住宅（３階建て以下共同住宅等）,駐車（輪）場,施錠せず,なし
窃盗,車上ねらい,藤沢北,御所見,142051,神奈川県,藤沢市,葛原,2021/3/22,23,その他の住宅（３階建て以下共同住宅等）,駐車（輪）場,施錠した,あり
窃盗,車上ねらい,藤沢北,湘南ライフタウン,142051,神奈川県,藤沢市,大庭,2021/2/17,16,駐車（輪）場,駐車（輪）場,施錠した,なし
窃盗,車上ねらい,藤沢北,湘南ライフタウン,142051,神奈川県,藤沢市,大庭,2021/10/9,5,駐車（輪）場,駐車（輪）場,施錠した,なし
窃盗,車上ねらい,藤沢北,湘南台駅東口,142051,神奈川県,藤沢市,湘南台１丁目,2020/12/29,16,４階建て以上共同住宅,駐車（輪）場,施錠した,なし
窃盗,車上ねらい,藤沢北,湘南台駅東口,142051,神奈川県,藤沢市,湘南台１丁目,2021/5/10,17,４階建て以上共同住宅,駐車（輪）場,施錠した,なし
窃盗,車上ねらい,藤沢北,湘南台駅東口,142051,神奈川県,藤沢市,湘南台５丁目,2020/12/28,11,駐車（輪）場,駐車（輪）場,施錠した,なし
窃盗,車上ねらい,藤沢北,湘南台駅東口,142051,神奈川県,藤沢市,湘南台５丁目,2020/12/29,17,その他の住宅（３階建て以下共同住宅等）,駐車（輪）場,施錠した,なし
窃盗,車上ねらい,藤沢北,湘南台駅西口,142051,神奈川県,藤沢市,土棚,2021/2/17,18,その他,駐車（輪）場,施錠せず,あり
窃盗,車上ねらい,藤沢北,湘南台駅西口,142051,神奈川県,藤沢市,湘南台２丁目,2021/2/15,19,その他の住宅（３階建て以下共同住宅等）,駐車（輪）場,施錠した,あり
窃盗,車上ねらい,藤沢北,湘南台駅西口,142051,神奈川県,藤沢市,湘南台３丁目,2021/2/15,21,一戸建住宅,駐車（輪）場,施錠した,あり
窃盗,車上ねらい,藤沢北,湘南台駅西口,142051,神奈川県,藤沢市,湘南台４丁目,2021/4/18,22,一戸建住宅,駐車（輪）場,施錠した,なし
窃盗,車上ねらい,藤沢北,石川,142051,神奈川県,藤沢市,石川,2021/2/19,18,その他,駐車（輪）場,施錠せず,なし
窃盗,車上ねらい,藤沢北,石川,142051,神奈川県,藤沢市,遠藤,2021/2/12,12,その他,その他,施錠せず,なし
窃盗,車上ねらい,藤沢北,石川,142051,神奈川県,藤沢市,亀井野,2021/7/9,17,その他,駐車（輪）場,施錠した,なし
窃盗,車上ねらい,藤沢北,長後駅前,142051,神奈川県,藤沢市,下土棚,2021/2/25,19,その他の住宅（３階建て以下共同住宅等）,駐車（輪）場,施錠した,あり
窃盗,車上ねらい,藤沢北,長後駅前,142051,神奈川県,藤沢市,下土棚,2021/2/25,23,その他の住宅（３階建て以下共同住宅等）,駐車（輪）場,施錠した,あり
窃盗,車上ねらい,藤沢北,長後駅前,142051,神奈川県,藤沢市,下土棚,2021/5/12,8,その他,駐車（輪）場,施錠せず,あり
窃盗,車上ねらい,藤沢北,長後駅前,142051,神奈川県,藤沢市,下土棚,2021/6/24,11,道路上,その他,施錠せず,あり
窃盗,車上ねらい,藤沢北,長後駅前,142051,神奈川県,藤沢市,下土棚,2021/7/16,7,その他,駐車（輪）場,施錠せず,なし
窃盗,車上ねらい,藤沢北,長後駅前,142051,神奈川県,藤沢市,高倉,2021/5/12,22,駐車（輪）場,駐車（輪）場,施錠した,なし
窃盗,車上ねらい,藤沢北,長後駅前,142051,神奈川県,藤沢市,高倉,2021/5/28,13,一戸建住宅,駐車（輪）場,施錠せず,あり
窃盗,車上ねらい,藤沢北,長後駅前,142051,神奈川県,藤沢市,高倉,2021/6/9,9,一戸建住宅,駐車（輪）場,施錠せず,あり
窃盗,車上ねらい,藤沢北,長後駅前,142051,神奈川県,藤沢市,高倉,2021/7/12,21,その他の住宅（３階建て以下共同住宅等）,駐車（輪）場,施錠した,あり
窃盗,車上ねらい,藤沢北,長後駅前,142051,神奈川県,藤沢市,高倉,2021/10/2,13,道路上,その他,施錠せず,あり
窃盗,車上ねらい,藤沢北,長後駅前,142051,神奈川県,藤沢市,長後,2021/3/16,16,その他の住宅（３階建て以下共同住宅等）,駐車（輪）場,施錠せず,あり
窃盗,車上ねらい,藤沢北,長後駅前,142051,神奈川県,藤沢市,長後,2021/4/24,21,駐車（輪）場,駐車（輪）場,施錠した,なし
窃盗,車上ねらい,藤沢北,長後駅前,142051,神奈川県,藤沢市,長後,2021/6/30,21,その他,その他,施錠した,あり
窃盗,車上ねらい,藤沢北,長後駅前,142051,神奈川県,藤沢市,長後,2021/7/14,22,一戸建住宅,駐車（輪）場,施錠した,あり
窃盗,車上ねらい,藤沢北,長後駅前,142051,神奈川県,藤沢市,長後,2021/7/25,19,その他,駐車（輪）場,施錠せず,なし
窃盗,車上ねらい,藤沢北,長後駅前,142051,神奈川県,藤沢市,長後,2021/7/29,21,その他,駐車（輪）場,施錠した,なし
窃盗,車上ねらい,三崎,三崎港,142107,神奈川県,三浦市,白石町,2021/11/30,10,その他,駐車（輪）場,施錠せず,あり
窃盗,車上ねらい,三崎,三崎港,142107,神奈川県,三浦市,城山町,2021/2/16,9,道路上,その他,施錠せず,あり
窃盗,車上ねらい,三崎,三崎港,142107,神奈川県,三浦市,晴海町,2021/6/28,9,一戸建住宅,駐車（輪）場,施錠せず,あり
窃盗,車上ねらい,三崎,三浦海岸駅前,142107,神奈川県,三浦市,南下浦町上宮田,2021/10/23,16,一戸建住宅,駐車（輪）場,施錠せず,あり
窃盗,車上ねらい,三崎,三浦海岸駅前,142107,神奈川県,三浦市,南下浦町上宮田,2021/12/10,13,一戸建住宅,駐車（輪）場,施錠せず,あり
窃盗,車上ねらい,三崎,三浦海岸駅前,142107,神奈川県,三浦市,南下浦町上宮田,2021/12/16,13,一戸建住宅,駐車（輪）場,施錠せず,なし
窃盗,車上ねらい,三崎,三浦海岸駅前,142107,神奈川県,三浦市,南下浦町菊名,2021/11/16,20,一戸建住宅,駐車（輪）場,施錠せず,あり
窃盗,車上ねらい,葉山,堀内,143014,神奈川県,葉山町,一色,2021/7/11,12,駐車（輪）場,駐車（輪）場,施錠せず,なし
窃盗,車上ねらい,葉山,木古庭,143014,神奈川県,葉山町,上山口,2021/3/30,20,一戸建住宅,その他,施錠した,なし
窃盗,車上ねらい,葉山,木古庭,143014,神奈川県,葉山町,上山口,2021/5/25,13,駐車（輪）場,駐車（輪）場,施錠せず,あり
窃盗,車上ねらい,葉山,長柄,143014,神奈川県,葉山町,長柄,2021/6/19,15,駐車（輪）場,駐車（輪）場,施錠した,あり
窃盗,車上ねらい,逗子,新宿,142085,神奈川県,逗子市,新宿３丁目,2021/8/8,2,一戸建住宅,駐車（輪）場,施錠せず,なし
窃盗,車上ねらい,鎌倉,深沢,142042,神奈川県,鎌倉市,手広４丁目,2021/2/6,3,一戸建住宅,駐車（輪）場,施錠せず,なし
窃盗,車上ねらい,大船,大船駅前,142042,神奈川県,鎌倉市,大船１丁目,2021/6/24,2,道路上,その他,施錠せず,あり
窃盗,車上ねらい,大船,大船駅前,142042,神奈川県,鎌倉市,大船２丁目,2021/3/9,17,駐車（輪）場,駐車（輪）場,施錠した,なし
窃盗,車上ねらい,大船,大船駅前,142042,神奈川県,鎌倉市,大船６丁目,2021/6/6,16,駐車（輪）場,駐車（輪）場,施錠せず,なし
窃盗,車上ねらい,大船,玉縄,142042,神奈川県,鎌倉市,関谷,2021/1/4,20,その他,駐車（輪）場,施錠した,なし
窃盗,車上ねらい,藤沢,川名,142051,神奈川県,藤沢市,川名,2021/10/3,13,４階建て以上共同住宅,駐車（輪）場,施錠した,なし
窃盗,車上ねらい,藤沢,川名,142051,神奈川県,藤沢市,弥勒寺２丁目,2020/12/31,16,４階建て以上共同住宅,駐車（輪）場,施錠した,なし
窃盗,車上ねらい,藤沢,羽鳥,142051,神奈川県,藤沢市,城南１丁目,2021/7/13,13,その他,その他,施錠せず,あり
窃盗,車上ねらい,藤沢,羽鳥,142051,神奈川県,藤沢市,辻堂神台１丁目,2021/6/20,11,その他,駐車（輪）場,施錠せず,あり
窃盗,車上ねらい,藤沢,羽鳥,142051,神奈川県,藤沢市,辻堂神台２丁目,2021/2/3,21,駐車（輪）場,駐車（輪）場,施錠した,あり
窃盗,車上ねらい,藤沢,藤沢駅北口,142051,神奈川県,藤沢市,藤沢,2021/11/13,16,駐車（輪）場,駐車（輪）場,施錠せず,なし
窃盗,車上ねらい,藤沢,辻堂駅前,142051,神奈川県,藤沢市,辻堂新町３丁目,2021/4/2,16,道路上,その他,施錠せず,あり
窃盗,車上ねらい,藤沢,鵠沼海岸駅前,142051,神奈川県,藤沢市,鵠沼海岸１丁目,2021/1/2,11,駐車（輪）場,駐車（輪）場,施錠した,なし
窃盗,車上ねらい,藤沢,鵠沼海岸駅前,142051,神奈川県,藤沢市,鵠沼海岸１丁目,2021/4/22,10,４階建て以上共同住宅,駐車（輪）場,施錠した,なし
窃盗,車上ねらい,藤沢,鵠沼海岸駅前,142051,神奈川県,藤沢市,鵠沼海岸１丁目,2021/6/18,7,その他,その他,施錠せず,なし
窃盗,車上ねらい,茅ケ崎,中海岸,142077,神奈川県,茅ヶ崎市,中海岸３丁目,2020/12/30,18,その他,駐車（輪）場,施錠せず,あり
窃盗,車上ねらい,茅ケ崎,中海岸,142077,神奈川県,茅ヶ崎市,中海岸３丁目,2021/10/21,7,その他,駐車（輪）場,施錠せず,あり
窃盗,車上ねらい,茅ケ崎,中海岸,142077,神奈川県,茅ヶ崎市,東海岸北１丁目,2021/7/30,13,道路上,その他,施錠せず,あり
窃盗,車上ねらい,茅ケ崎,宮山,143219,神奈川県,寒川町,倉見,2021/2/8,22,道路上,その他,施錠した,あり
窃盗,車上ねらい,茅ケ崎,宮山,143219,神奈川県,寒川町,倉見,2021/2/19,17,その他,その他,施錠した,なし
窃盗,車上ねらい,茅ケ崎,宮山,143219,神奈川県,寒川町,倉見,2021/12/2,12,道路上,その他,施錠せず,あり
窃盗,車上ねらい,茅ケ崎,寒川駅前,143219,神奈川県,寒川町,岡田２丁目,2021/9/22,13,その他,その他,施錠せず,あり
窃盗,車上ねらい,茅ケ崎,寒川駅前,143219,神奈川県,寒川町,田端,2021/2/8,19,その他,駐車（輪）場,施錠した,なし
窃盗,車上ねらい,茅ケ崎,寒川駅前,143219,神奈川県,寒川町,中瀬,2021/3/18,20,その他の住宅（３階建て以下共同住宅等）,駐車（輪）場,施錠した,あり
窃盗,車上ねらい,茅ケ崎,小和田,142077,神奈川県,茅ヶ崎市,赤羽根,2021/10/5,17,その他の住宅（３階建て以下共同住宅等）,駐車（輪）場,施錠せず,あり
窃盗,車上ねらい,茅ケ崎,小和田,142077,神奈川県,茅ヶ崎市,小和田３丁目,2021/1/18,19,駐車（輪）場,駐車（輪）場,施錠せず,あり
窃盗,車上ねらい,茅ケ崎,小和田,142077,神奈川県,茅ヶ崎市,松林３丁目,2021/12/22,18,その他の住宅（３階建て以下共同住宅等）,駐車（輪）場,施錠した,なし
窃盗,車上ねらい,茅ケ崎,小和田,142077,神奈川県,茅ヶ崎市,菱沼３丁目,2021/6/3,14,道路上,その他,施錠せず,あり
窃盗,車上ねらい,茅ケ崎,小和田,142077,神奈川県,茅ヶ崎市,本宿町,2021/6/28,20,その他,駐車（輪）場,施錠せず,なし
窃盗,車上ねらい,茅ケ崎,小和田,142077,神奈川県,茅ヶ崎市,室田２丁目,2021/4/22,21,その他の住宅（３階建て以下共同住宅等）,駐車（輪）場,施錠した,あり
窃盗,車上ねらい,茅ケ崎,平和町,142077,神奈川県,茅ヶ崎市,浜須賀,2021/4/26,15,道路上,その他,施錠せず,なし
窃盗,車上ねらい,茅ケ崎,浜竹,142077,神奈川県,茅ヶ崎市,菱沼３丁目,2021/12/22,21,その他の住宅（３階建て以下共同住宅等）,駐車（輪）場,施錠した,あり
窃盗,車上ねらい,茅ケ崎,浜見平,142077,神奈川県,茅ヶ崎市,浜見平,2021/10/18,12,その他,その他,施錠せず,あり
窃盗,車上ねらい,茅ケ崎,浜見平,142077,神奈川県,茅ヶ崎市,浜見平,2021/11/3,19,その他,その他,施錠せず,なし
窃盗,車上ねらい,茅ケ崎,西久保,142077,神奈川県,茅ヶ崎市,浜之郷,2021/3/6,13,駐車（輪）場,駐車（輪）場,施錠せず,あり
窃盗,車上ねらい,茅ケ崎,鶴が台,142077,神奈川県,茅ヶ崎市,香川３丁目,2021/11/30,21,その他の住宅（３階建て以下共同住宅等）,駐車（輪）場,施錠した,あり
窃盗,車上ねらい,茅ケ崎,鶴が台,142077,神奈川県,茅ヶ崎市,香川６丁目,2021/5/15,0,一戸建住宅,駐車（輪）場,施錠した,あり
窃盗,車上ねらい,茅ケ崎,鶴が台,142077,神奈川県,茅ヶ崎市,松風台,2021/12/21,9,一戸建住宅,駐車（輪）場,施錠せず,あり
窃盗,車上ねらい,茅ケ崎,鶴が台,142077,神奈川県,茅ヶ崎市,みずき１丁目,2021/12/22,20,その他の住宅（３階建て以下共同住宅等）,駐車（輪）場,施錠した,あり
窃盗,車上ねらい,平塚,中原,142034,神奈川県,平塚市,御殿１丁目,2021/10/28,7,その他,その他,施錠せず,あり
窃盗,車上ねらい,平塚,中原,142034,神奈川県,平塚市,御殿１丁目,2021/10/30,12,一戸建住宅,駐車（輪）場,施錠せず,なし
窃盗,車上ねらい,平塚,中原,142034,神奈川県,平塚市,御殿１丁目,2021/12/1,13,その他,駐車（輪）場,施錠せず,あり
窃盗,車上ねらい,平塚,中原,142034,神奈川県,平塚市,中原２丁目,2021/11/17,14,その他,駐車（輪）場,施錠せず,なし
窃盗,車上ねらい,平塚,中原,142034,神奈川県,平塚市,中原３丁目,2021/10/28,14,道路上,その他,施錠せず,あり
窃盗,車上ねらい,平塚,代官町,142034,神奈川県,平塚市,代官町,2021/10/11,17,その他,その他,施錠せず,なし
窃盗,車上ねらい,平塚,代官町,142034,神奈川県,平塚市,松風町,2021/5/1,21,駐車（輪）場,駐車（輪）場,施錠せず,なし
窃盗,車上ねらい,平塚,南原,142034,神奈川県,平塚市,南原３丁目,2021/10/30,9,駐車（輪）場,駐車（輪）場,施錠せず,あり
窃盗,車上ねらい,平塚,四之宮,142034,神奈川県,平塚市,四之宮５丁目,2021/1/5,17,一戸建住宅,駐車（輪）場,施錠した,あり
窃盗,車上ねらい,平塚,四之宮,142034,神奈川県,平塚市,四之宮５丁目,2021/8/17,13,その他,その他,施錠せず,あり
窃盗,車上ねらい,平塚,四之宮,142034,神奈川県,平塚市,田村２丁目,2021/1/26,3,その他,駐車（輪）場,施錠せず,なし
窃盗,車上ねらい,平塚,城島,142034,神奈川県,平塚市,下島,2021/9/28,12,その他,駐車（輪）場,施錠せず,あり
窃盗,車上ねらい,平塚,岡崎,142034,神奈川県,平塚市,岡崎,2021/1/28,21,一戸建住宅,駐車（輪）場,施錠せず,なし
窃盗,車上ねらい,平塚,岡崎,142034,神奈川県,平塚市,岡崎,2021/8/6,14,駐車（輪）場,駐車（輪）場,施錠した,なし
窃盗,車上ねらい,平塚,平塚駅前,142034,神奈川県,平塚市,天沼,2021/4/23,12,道路上,その他,施錠せず,なし
窃盗,車上ねらい,平塚,平塚駅前,142034,神奈川県,平塚市,天沼,2021/4/28,18,駐車（輪）場,駐車（輪）場,施錠せず,なし
窃盗,車上ねらい,平塚,平塚駅前,142034,神奈川県,平塚市,天沼,2021/10/17,0,その他,駐車（輪）場,施錠せず,なし
窃盗,車上ねらい,平塚,平塚駅前,142034,神奈川県,平塚市,馬入,2021/12/10,12,道路上,その他,施錠せず,あり
窃盗,車上ねらい,平塚,平塚駅前,142034,神奈川県,平塚市,紅谷町,2021/5/7,9,道路上,その他,施錠せず,なし
窃盗,車上ねらい,平塚,旭,142034,神奈川県,平塚市,万田,2021/3/16,1,その他,駐車（輪）場,施錠した,あり
窃盗,車上ねらい,平塚,旭,142034,神奈川県,平塚市,山下,2021/6/2,10,一戸建住宅,その他,施錠せず,あり
窃盗,車上ねらい,平塚,西仲町,142034,神奈川県,平塚市,見附町,2021/9/21,18,駐車（輪）場,駐車（輪）場,施錠した,あり
窃盗,車上ねらい,平塚,豊田,142034,神奈川県,平塚市,北豊田,2021/10/10,13,その他,その他,施錠せず,あり
窃盗,車上ねらい,平塚,豊田,142034,神奈川県,平塚市,豊田本郷,2021/6/30,19,その他,駐車（輪）場,施錠せず,なし
窃盗,車上ねらい,平塚,金田,142034,神奈川県,平塚市,寺田縄,2021/10/8,12,道路上,その他,施錠せず,あり
窃盗,車上ねらい,平塚,金目,142034,神奈川県,平塚市,北金目２丁目,2021/4/20,19,その他の住宅（３階建て以下共同住宅等）,駐車（輪）場,施錠せず,あり
窃盗,車上ねらい,大磯,大磯駅前,143413,神奈川県,大磯町,大磯,2021/5/7,16,道路上,その他,施錠せず,あり
窃盗,車上ねらい,大磯,大磯駅前,143413,神奈川県,大磯町,東小磯,2021/8/28,20,一戸建住宅,駐車（輪）場,施錠せず,あり
窃盗,車上ねらい,小田原,上府中,142069,神奈川県,小田原市,高田,2021/11/8,6,その他,駐車（輪）場,施錠せず,あり
窃盗,車上ねらい,小田原,下曽我,142069,神奈川県,小田原市,曽我別所,2021/11/4,20,その他の住宅（３階建て以下共同住宅等）,駐車（輪）場,施錠した,あり
窃盗,車上ねらい,小田原,富水駅前,142069,神奈川県,小田原市,新屋,不明,不明,一戸建住宅,駐車（輪）場,施錠せず,あり
窃盗,車上ねらい,小田原,富水駅前,142069,神奈川県,小田原市,新屋,不明,不明,一戸建住宅,駐車（輪）場,施錠せず,あり
窃盗,車上ねらい,小田原,富水駅前,142069,神奈川県,小田原市,飯田岡,不明,不明,一戸建住宅,駐車（輪）場,施錠せず,なし
窃盗,車上ねらい,小田原,富水駅前,142069,神奈川県,小田原市,小台,2021/7/24,23,一戸建住宅,駐車（輪）場,施錠した,あり
窃盗,車上ねらい,小田原,富水駅前,142069,神奈川県,小田原市,堀之内,2021/7/2,18,一戸建住宅,駐車（輪）場,施錠せず,あり
窃盗,車上ねらい,小田原,富水駅前,142069,神奈川県,小田原市,柳新田,2021/1/16,12,その他の住宅（３階建て以下共同住宅等）,駐車（輪）場,施錠した,あり
窃盗,車上ねらい,小田原,富水駅前,142069,神奈川県,小田原市,柳新田,2021/4/17,20,その他の住宅（３階建て以下共同住宅等）,駐車（輪）場,施錠せず,なし
窃盗,車上ねらい,小田原,富水駅前,142069,神奈川県,小田原市,柳新田,2021/8/2,20,駐車（輪）場,駐車（輪）場,施錠した,あり
窃盗,車上ねらい,小田原,小田原駅東口,142069,神奈川県,小田原市,栄町１丁目,2021/3/2,18,駐車（輪）場,駐車（輪）場,施錠した,なし
窃盗,車上ねらい,小田原,早川駅前,142069,神奈川県,小田原市,早川,2021/10/7,11,その他,その他,施錠した,なし
窃盗,車上ねらい,小田原,蓮正寺,142069,神奈川県,小田原市,蓮正寺,2019/8/3,不明,一戸建住宅,駐車（輪）場,施錠せず,あり
窃盗,車上ねらい,小田原,蓮正寺,142069,神奈川県,小田原市,蓮正寺,2021/1/31,18,一戸建住宅,駐車（輪）場,施錠した,あり
窃盗,車上ねらい,小田原,足柄,142069,神奈川県,小田原市,扇町２丁目,2021/1/11,13,その他の住宅（３階建て以下共同住宅等）,駐車（輪）場,施錠せず,あり
窃盗,車上ねらい,小田原,酒匂,142069,神奈川県,小田原市,酒匂２丁目,2021/10/11,13,道路上,その他,施錠せず,あり
窃盗,車上ねらい,小田原,,142174,神奈川県,南足柄市,雨坪,2021/4/19,13,一戸建住宅,駐車（輪）場,施錠せず,あり
窃盗,車上ねらい,小田原,,142174,神奈川県,南足柄市,雨坪,2021/4/21,18,一戸建住宅,駐車（輪）場,施錠せず,なし
窃盗,車上ねらい,松田,中村,143618,神奈川県,中井町,松本,2021/3/24,9,その他,その他,施錠せず,あり
窃盗,車上ねらい,松田,井ノ口,143618,神奈川県,中井町,井ノ口,2021/5/30,18,一戸建住宅,駐車（輪）場,施錠せず,あり
窃盗,車上ねらい,松田,井ノ口,143618,神奈川県,中井町,井ノ口,2021/6/4,16,一戸建住宅,駐車（輪）場,施錠せず,あり
窃盗,車上ねらい,松田,大雄山駅前,142174,神奈川県,南足柄市,飯沢,2021/12/24,21,その他の住宅（３階建て以下共同住宅等）,駐車（輪）場,施錠した,なし
窃盗,車上ねらい,松田,大雄山駅前,142174,神奈川県,南足柄市,関本,2021/6/23,15,駐車（輪）場,駐車（輪）場,施錠した,なし
窃盗,車上ねらい,松田,大雄山駅前,142174,神奈川県,南足柄市,和田河原,2021/6/25,22,その他の住宅（３階建て以下共同住宅等）,駐車（輪）場,施錠した,あり
窃盗,車上ねらい,松田,岡本,142174,神奈川県,南足柄市,塚原,2021/5/8,23,一戸建住宅,駐車（輪）場,施錠せず,あり
窃盗,車上ねらい,松田,岡本,142174,神奈川県,南足柄市,塚原,2021/5/13,17,一戸建住宅,駐車（輪）場,施錠せず,あり
窃盗,車上ねらい,松田,岡本,142174,神奈川県,南足柄市,塚原,2021/5/18,16,一戸建住宅,駐車（輪）場,施錠せず,あり
窃盗,車上ねらい,松田,岡本,142174,神奈川県,南足柄市,塚原,2021/11/6,16,駐車（輪）場,駐車（輪）場,施錠した,なし
窃盗,車上ねらい,松田,平山,143642,神奈川県,山北町,山北,2021/5/11,21,その他,駐車（輪）場,施錠せず,あり
窃盗,車上ねらい,松田,平山,143642,神奈川県,山北町,山北,2021/5/17,18,一戸建住宅,駐車（輪）場,施錠した,なし
窃盗,車上ねらい,松田,新松田駅前,143634,神奈川県,松田町,松田惣領,2021/10/18,0,駐車（輪）場,駐車（輪）場,施錠せず,あり
窃盗,車上ねらい,松田,福沢,142174,神奈川県,南足柄市,千津島,2021/5/14,19,一戸建住宅,駐車（輪）場,施錠せず,あり
窃盗,車上ねらい,松田,福沢,142174,神奈川県,南足柄市,千津島,2021/6/17,19,一戸建住宅,駐車（輪）場,施錠した,なし
窃盗,車上ねらい,松田,福沢,142174,神奈川県,南足柄市,竹松,2021/12/13,19,一戸建住宅,駐車（輪）場,施錠せず,なし
窃盗,車上ねらい,松田,福沢,142174,神奈川県,南足柄市,怒田,2021/5/17,18,一戸建住宅,駐車（輪）場,施錠せず,なし
窃盗,車上ねらい,松田,福沢,142174,神奈川県,南足柄市,怒田,2021/5/17,20,一戸建住宅,駐車（輪）場,施錠せず,なし
窃盗,車上ねらい,松田,福沢,142174,神奈川県,南足柄市,怒田,2021/12/24,23,その他の住宅（３階建て以下共同住宅等）,駐車（輪）場,施錠した,なし
窃盗,車上ねらい,松田,福沢,142174,神奈川県,南足柄市,班目,2021/4/28,18,一戸建住宅,駐車（輪）場,施錠せず,あり
窃盗,車上ねらい,松田,福沢,142174,神奈川県,南足柄市,壗下,2021/11/27,19,その他の住宅（３階建て以下共同住宅等）,駐車（輪）場,施錠した,なし
窃盗,車上ねらい,松田,福沢,142174,神奈川県,南足柄市,壗下,2021/11/27,23,その他の住宅（３階建て以下共同住宅等）,駐車（輪）場,施錠した,あり
窃盗,車上ねらい,松田,金田,143626,神奈川県,大井町,金子,2021/10/2,23,その他の住宅（３階建て以下共同住宅等）,駐車（輪）場,施錠せず,あり
窃盗,車上ねらい,秦野,南矢名,142115,神奈川県,秦野市,南矢名,2021/3/2,18,その他の住宅（３階建て以下共同住宅等）,駐車（輪）場,施錠せず,あり
窃盗,車上ねらい,秦野,南矢名,142115,神奈川県,秦野市,南矢名,2021/5/2,7,道路上,その他,施錠せず,あり
窃盗,車上ねらい,秦野,桜町,142115,神奈川県,秦野市,鈴張町,2021/11/5,15,その他,駐車（輪）場,施錠せず,なし
窃盗,車上ねらい,秦野,渋沢,142115,神奈川県,秦野市,曲松２丁目,2021/3/8,11,その他の住宅（３階建て以下共同住宅等）,駐車（輪）場,施錠せず,なし
窃盗,車上ねらい,秦野,渋沢,142115,神奈川県,秦野市,曲松２丁目,2021/3/15,10,その他,駐車（輪）場,施錠せず,あり
窃盗,車上ねらい,秦野,菩提,142115,神奈川県,秦野市,菩提,不明,不明,一戸建住宅,駐車（輪）場,施錠せず,あり
窃盗,車上ねらい,秦野,鶴巻,142115,神奈川県,秦野市,鶴巻南４丁目,2021/5/2,19,駐車（輪）場,駐車（輪）場,施錠せず,なし
窃盗,車上ねらい,伊勢原,伊勢原駅前,142140,神奈川県,伊勢原市,伊勢原２丁目,2021/9/21,16,その他,駐車（輪）場,施錠せず,あり
窃盗,車上ねらい,伊勢原,伊勢原駅前,142140,神奈川県,伊勢原市,桜台２丁目,2021/12/16,13,駐車（輪）場,駐車（輪）場,施錠せず,あり
窃盗,車上ねらい,伊勢原,伊勢原駅前,142140,神奈川県,伊勢原市,白根,2021/1/14,19,駐車（輪）場,駐車（輪）場,施錠した,なし
窃盗,車上ねらい,伊勢原,伊勢原駅前,142140,神奈川県,伊勢原市,田中,2021/11/25,1,一戸建住宅,駐車（輪）場,施錠せず,なし
窃盗,車上ねらい,伊勢原,八幡台,142140,神奈川県,伊勢原市,岡崎,2021/1/30,1,その他の住宅（３階建て以下共同住宅等）,駐車（輪）場,施錠した,あり
窃盗,車上ねらい,伊勢原,八幡台,142140,神奈川県,伊勢原市,桜台３丁目,2021/1/30,16,駐車（輪）場,駐車（輪）場,施錠した,なし
窃盗,車上ねらい,伊勢原,成瀬,142140,神奈川県,伊勢原市,石田,2021/5/15,8,道路上,その他,施錠せず,あり
窃盗,車上ねらい,伊勢原,成瀬,142140,神奈川県,伊勢原市,下糟屋,2021/7/24,13,一戸建住宅,その他,施錠せず,あり
窃盗,車上ねらい,伊勢原,成瀬,142140,神奈川県,伊勢原市,高森２丁目,2021/3/15,8,駐車（輪）場,駐車（輪）場,施錠した,なし
窃盗,車上ねらい,伊勢原,成瀬,142140,神奈川県,伊勢原市,高森台３丁目,2021/12/6,14,一戸建住宅,駐車（輪）場,施錠した,あり
窃盗,車上ねらい,伊勢原,比々多,142140,神奈川県,伊勢原市,板戸,2021/10/16,14,一戸建住宅,駐車（輪）場,施錠せず,あり
窃盗,車上ねらい,伊勢原,比々多,142140,神奈川県,伊勢原市,神戸,2021/11/18,18,一戸建住宅,駐車（輪）場,施錠せず,あり
窃盗,車上ねらい,厚木,上荻野,142123,神奈川県,厚木市,上荻野,2021/5/19,10,その他,その他,施錠せず,あり
窃盗,車上ねらい,厚木,下荻野,142123,神奈川県,厚木市,下荻野,2021/4/14,19,その他の住宅（３階建て以下共同住宅等）,駐車（輪）場,施錠した,なし
窃盗,車上ねらい,厚木,下荻野,142123,神奈川県,厚木市,下荻野,2021/9/19,10,その他,その他,施錠せず,あり
窃盗,車上ねらい,厚木,下荻野,142123,神奈川県,厚木市,下荻野,2021/11/22,14,その他の住宅（３階建て以下共同住宅等）,駐車（輪）場,施錠せず,なし
窃盗,車上ねらい,厚木,下荻野,142123,神奈川県,厚木市,中荻野,2021/9/19,17,その他,駐車（輪）場,施錠せず,なし
窃盗,車上ねらい,厚木,下荻野,142123,神奈川県,厚木市,三田南２丁目,2021/2/12,20,駐車（輪）場,駐車（輪）場,施錠した,なし
窃盗,車上ねらい,厚木,中津,144011,神奈川県,愛川町,中津,2021/2/27,17,駐車（輪）場,駐車（輪）場,施錠した,なし
窃盗,車上ねらい,厚木,中津,144011,神奈川県,愛川町,中津,2021/9/17,19,駐車（輪）場,駐車（輪）場,施錠した,なし
窃盗,車上ねらい,厚木,依知,142123,神奈川県,厚木市,金田,2021/2/13,8,その他,駐車（輪）場,施錠せず,あり
窃盗,車上ねらい,厚木,依知,142123,神奈川県,厚木市,下依知,2021/3/12,15,その他,その他,施錠した,なし
窃盗,車上ねらい,厚木,依知,142123,神奈川県,厚木市,山際,2021/10/22,17,駐車（輪）場,駐車（輪）場,施錠した,なし
窃盗,車上ねらい,厚木,南毛利,142123,神奈川県,厚木市,温水,2021/3/21,16,一戸建住宅,駐車（輪）場,施錠した,あり
窃盗,車上ねらい,厚木,妻田,142123,神奈川県,厚木市,妻田南１丁目,2021/10/10,22,その他,駐車（輪）場,施錠せず,あり
窃盗,車上ねらい,厚木,妻田,142123,神奈川県,厚木市,妻田北２丁目,2021/2/13,8,一戸建住宅,駐車（輪）場,施錠した,なし
窃盗,車上ねらい,厚木,妻田,142123,神奈川県,厚木市,妻田北３丁目,2021/3/31,10,その他の住宅（３階建て以下共同住宅等）,駐車（輪）場,施錠せず,あり
窃盗,車上ねらい,厚木,小鮎,142123,神奈川県,厚木市,飯山,2021/7/3,14,その他,その他,施錠せず,あり
窃盗,車上ねらい,厚木,小鮎,142123,神奈川県,厚木市,上古沢,2021/8/24,15,駐車（輪）場,駐車（輪）場,施錠した,なし
窃盗,車上ねらい,厚木,小鮎,142123,神奈川県,厚木市,下古沢,2021/10/29,12,その他,駐車（輪）場,施錠した,なし
窃盗,車上ねらい,厚木,愛甲石田駅前,142123,神奈川県,厚木市,愛甲２丁目,2021/2/20,5,４階建て以上共同住宅,駐車（輪）場,施錠した,なし
窃盗,車上ねらい,厚木,愛甲石田駅前,142123,神奈川県,厚木市,愛甲２丁目,2021/10/12,18,その他の住宅（３階建て以下共同住宅等）,駐車（輪）場,施錠した,あり
窃盗,車上ねらい,厚木,旭町,142123,神奈川県,厚木市,旭町５丁目,2021/3/20,8,その他,駐車（輪）場,施錠せず,あり
窃盗,車上ねらい,厚木,旭町,142123,神奈川県,厚木市,幸町,2021/8/3,13,道路上,その他,施錠せず,あり
窃盗,車上ねらい,厚木,春日台,144011,神奈川県,愛川町,中津,2021/5/28,20,その他,その他,施錠せず,あり
窃盗,車上ねらい,厚木,本厚木駅前,142123,神奈川県,厚木市,栄町１丁目,2021/1/31,20,駐車（輪）場,駐車（輪）場,施錠せず,なし
窃盗,車上ねらい,厚木,本厚木駅前,142123,神奈川県,厚木市,栄町１丁目,2021/4/28,22,４階建て以上共同住宅,駐車（輪）場,施錠した,なし
窃盗,車上ねらい,厚木,本厚木駅前,142123,神奈川県,厚木市,元町,2021/3/31,13,その他,その他,施錠せず,なし
窃盗,車上ねらい,厚木,緑ケ丘,142123,神奈川県,厚木市,恩名１丁目,2021/1/8,22,駐車（輪）場,駐車（輪）場,施錠した,なし
窃盗,車上ねらい,厚木,緑ケ丘,142123,神奈川県,厚木市,緑ケ丘２丁目,2021/8/22,19,その他,駐車（輪）場,施錠せず,あり
窃盗,車上ねらい,厚木,酒井,142123,神奈川県,厚木市,岡田２丁目,2021/8/27,14,その他,駐車（輪）場,施錠せず,あり
窃盗,車上ねらい,厚木,酒井,142123,神奈川県,厚木市,戸田,2021/10/22,22,その他の住宅（３階建て以下共同住宅等）,駐車（輪）場,施錠した,なし
窃盗,車上ねらい,厚木,高峰,144011,神奈川県,愛川町,三増,2021/4/11,19,その他,駐車（輪）場,施錠した,なし
窃盗,車上ねらい,厚木,鳶尾,142123,神奈川県,厚木市,鳶尾２丁目,2021/8/21,10,道路上,その他,施錠せず,あり
窃盗,車上ねらい,厚木,,,,,,2018/8/15,10,駐車（輪）場,駐車（輪）場,施錠せず,なし
窃盗,車上ねらい,厚木,,142069,神奈川県,小田原市,本町３丁目,不明,不明,一戸建住宅,駐車（輪）場,施錠せず,あり
窃盗,車上ねらい,厚木,,142069,神奈川県,小田原市,本町３丁目,不明,不明,一戸建住宅,駐車（輪）場,施錠せず,あり
窃盗,車上ねらい,相模原,上溝,141526,神奈川県,相模原市中央区,上溝１丁目,2021/6/30,16,一戸建住宅,駐車（輪）場,施錠せず,あり
窃盗,車上ねらい,相模原,上溝,141526,神奈川県,相模原市中央区,上溝５丁目,2021/8/1,8,その他,駐車（輪）場,施錠した,あり
窃盗,車上ねらい,相模原,南橋本駅前,141526,神奈川県,相模原市中央区,清新４丁目,2021/3/3,15,その他,駐車（輪）場,施錠せず,なし
窃盗,車上ねらい,相模原,星が丘,141526,神奈川県,相模原市中央区,光が丘１丁目,2021/12/21,5,４階建て以上共同住宅,駐車（輪）場,施錠した,なし
窃盗,車上ねらい,相模原,星が丘,141526,神奈川県,相模原市中央区,星が丘１丁目,2021/12/19,17,一戸建住宅,駐車（輪）場,施錠せず,なし
窃盗,車上ねらい,相模原,星が丘,141526,神奈川県,相模原市中央区,星が丘４丁目,2021/12/24,22,一戸建住宅,駐車（輪）場,施錠せず,なし
窃盗,車上ねらい,相模原,横山,141526,神奈川県,相模原市中央区,中央４丁目,2021/3/4,15,駐車（輪）場,駐車（輪）場,施錠せず,あり
窃盗,車上ねらい,相模原,横山,141526,神奈川県,相模原市中央区,中央４丁目,2021/4/24,20,道路上,その他,施錠せず,あり
窃盗,車上ねらい,相模原,淵野辺駅北口,141526,神奈川県,相模原市中央区,上矢部２丁目,2021/2/8,22,駐車（輪）場,駐車（輪）場,施錠した,あり
窃盗,車上ねらい,相模原,淵野辺駅北口,141526,神奈川県,相模原市中央区,上矢部５丁目,2021/2/8,16,４階建て以上共同住宅,駐車（輪）場,施錠した,なし
窃盗,車上ねらい,相模原,淵野辺駅北口,141526,神奈川県,相模原市中央区,淵野辺３丁目,2021/3/30,8,４階建て以上共同住宅,駐車（輪）場,施錠せず,あり
窃盗,車上ねらい,相模原,淵野辺駅北口,141526,神奈川県,相模原市中央区,淵野辺４丁目,2021/7/20,7,その他,駐車（輪）場,施錠した,なし
窃盗,車上ねらい,相模原,淵野辺駅北口,141526,神奈川県,相模原市中央区,淵野辺本町１丁目,2021/3/9,20,一戸建住宅,駐車（輪）場,施錠した,あり
窃盗,車上ねらい,相模原,淵野辺駅北口,141526,神奈川県,相模原市中央区,淵野辺本町３丁目,2021/2/5,9,道路上,その他,施錠せず,あり
窃盗,車上ねらい,相模原,淵野辺駅北口,141526,神奈川県,相模原市中央区,淵野辺本町３丁目,2021/6/25,19,その他の住宅（３階建て以下共同住宅等）,駐車（輪）場,施錠した,なし
窃盗,車上ねらい,相模原,淵野辺駅南口,141526,神奈川県,相模原市中央区,矢部３丁目,2021/2/2,22,その他,駐車（輪）場,施錠した,なし
窃盗,車上ねらい,相模原,淵野辺駅南口,141526,神奈川県,相模原市中央区,矢部３丁目,2021/8/27,8,駐車（輪）場,駐車（輪）場,施錠せず,なし
窃盗,車上ねらい,相模原,田名,141526,神奈川県,相模原市中央区,水郷田名２丁目,2021/4/27,20,駐車（輪）場,駐車（輪）場,施錠した,なし
窃盗,車上ねらい,相模原,田名,141526,神奈川県,相模原市中央区,田名,2021/7/20,13,駐車（輪）場,駐車（輪）場,施錠した,なし
窃盗,車上ねらい,相模原,番田,141526,神奈川県,相模原市中央区,上溝,2021/1/16,0,駐車（輪）場,駐車（輪）場,施錠した,なし
窃盗,車上ねらい,相模原,番田,141526,神奈川県,相模原市中央区,上溝,2021/12/15,17,その他,その他,施錠せず,あり
窃盗,車上ねらい,相模原,番田,141526,神奈川県,相模原市中央区,田名,2021/8/31,17,一戸建住宅,駐車（輪）場,施錠せず,なし
窃盗,車上ねらい,相模原,相模原駅前,141526,神奈川県,相模原市中央区,相模原５丁目,2021/3/2,13,その他,駐車（輪）場,施錠せず,あり
窃盗,車上ねらい,相模原,相生,141526,神奈川県,相模原市中央区,並木３丁目,2021/8/4,8,道路上,その他,施錠せず,なし
窃盗,車上ねらい,相模原,相生,141526,神奈川県,相模原市中央区,富士見１丁目,2021/2/2,20,その他,駐車（輪）場,施錠した,なし
窃盗,車上ねらい,相模原,相生,141526,神奈川県,相模原市中央区,富士見１丁目,2021/4/2,8,駐車（輪）場,駐車（輪）場,施錠した,なし
窃盗,車上ねらい,相模原,相生,141526,神奈川県,相模原市中央区,由野台１丁目,2021/1/28,20,４階建て以上共同住宅,駐車（輪）場,施錠した,なし
窃盗,車上ねらい,津久井,串川,141518,神奈川県,相模原市緑区,青山,2021/8/11,13,一戸建住宅,その他,施錠せず,あり
窃盗,車上ねらい,津久井,内郷,141518,神奈川県,相模原市緑区,寸沢嵐,2021/7/2,2,一戸建住宅,駐車（輪）場,施錠した,あり
窃盗,車上ねらい,津久井,内郷,141518,神奈川県,相模原市緑区,若柳,2021/7/1,17,一戸建住宅,駐車（輪）場,施錠せず,あり
窃盗,車上ねらい,津久井,城山,141518,神奈川県,相模原市緑区,原宿５丁目,2021/1/5,15,駐車（輪）場,駐車（輪）場,施錠せず,なし
窃盗,車上ねらい,津久井,城山,141518,神奈川県,相模原市緑区,又野,2021/7/3,13,一戸建住宅,駐車（輪）場,施錠せず,あり
窃盗,車上ねらい,津久井,城山,141518,神奈川県,相模原市緑区,三ケ木,2021/5/26,10,一戸建住宅,駐車（輪）場,施錠した,なし
窃盗,車上ねらい,津久井,根小屋,141518,神奈川県,相模原市緑区,長竹,2021/12/15,17,その他,駐車（輪）場,施錠せず,なし
窃盗,車上ねらい,津久井,根小屋,141518,神奈川県,相模原市緑区,根小屋,2021/9/26,16,一戸建住宅,駐車（輪）場,施錠せず,あり
窃盗,車上ねらい,津久井,牧野,141518,神奈川県,相模原市緑区,牧野,2021/3/3,6,その他,駐車（輪）場,施錠せず,なし
窃盗,車上ねらい,相模原南,中和田,141534,神奈川県,相模原市南区,上鶴間２丁目,2021/6/28,17,道路上,その他,施錠せず,あり
窃盗,車上ねらい,相模原南,南大野,141534,神奈川県,相模原市南区,南台４丁目,2021/10/27,18,その他,駐車（輪）場,施錠せず,なし
窃盗,車上ねらい,相模原南,古淵駅前,141534,神奈川県,相模原市南区,大野台１丁目,2021/3/3,17,駐車（輪）場,駐車（輪）場,施錠せず,なし
窃盗,車上ねらい,相模原南,古淵駅前,141534,神奈川県,相模原市南区,大野台１丁目,2021/3/12,20,その他,駐車（輪）場,施錠せず,あり
窃盗,車上ねらい,相模原南,古淵駅前,141534,神奈川県,相模原市南区,大野台４丁目,2021/1/2,22,一戸建住宅,駐車（輪）場,施錠せず,あり
窃盗,車上ねらい,相模原南,古淵駅前,141534,神奈川県,相模原市南区,大野台４丁目,2021/4/16,9,その他の住宅（３階建て以下共同住宅等）,その他,施錠せず,あり
窃盗,車上ねらい,相模原南,古淵駅前,141534,神奈川県,相模原市南区,古淵１丁目,2021/7/6,21,一戸建住宅,その他,施錠した,あり
窃盗,車上ねらい,相模原南,大沼,141534,神奈川県,相模原市南区,西大沼４丁目,2021/4/19,17,一戸建住宅,その他,施錠せず,なし
窃盗,車上ねらい,相模原南,大沼,141534,神奈川県,相模原市南区,御園１丁目,2021/5/15,14,道路上,その他,施錠せず,なし
窃盗,車上ねらい,相模原南,大野,141534,神奈川県,相模原市南区,古淵５丁目,2021/2/5,12,一戸建住宅,その他,施錠せず,あり
窃盗,車上ねらい,相模原南,大野,141534,神奈川県,相模原市南区,東大沼１丁目,2021/2/18,21,駐車（輪）場,駐車（輪）場,施錠せず,なし
窃盗,車上ねらい,相模原南,大野,141534,神奈川県,相模原市南区,若松３丁目,2021/7/30,7,駐車（輪）場,駐車（輪）場,施錠せず,なし
窃盗,車上ねらい,相模原南,小田急相模原駅前,141534,神奈川県,相模原市南区,相南１丁目,2021/4/16,17,駐車（輪）場,駐車（輪）場,施錠した,あり
窃盗,車上ねらい,相模原南,小田急相模原駅前,141534,神奈川県,相模原市南区,相南２丁目,2021/6/16,19,一戸建住宅,その他,施錠せず,あり
窃盗,車上ねらい,相模原南,小田急相模原駅前,141534,神奈川県,相模原市南区,東林間２丁目,2021/4/30,8,道路上,その他,施錠した,あり
窃盗,車上ねらい,相模原南,新磯,141534,神奈川県,相模原市南区,磯部,2021/3/26,20,その他の住宅（３階建て以下共同住宅等）,駐車（輪）場,施錠した,あり
窃盗,車上ねらい,相模原南,新磯,141534,神奈川県,相模原市南区,磯部,2021/3/26,20,その他の住宅（３階建て以下共同住宅等）,駐車（輪）場,施錠した,あり
窃盗,車上ねらい,相模原南,新磯,141534,神奈川県,相模原市南区,磯部,2021/9/28,20,その他,駐車（輪）場,施錠せず,あり
窃盗,車上ねらい,相模原南,新磯,141534,神奈川県,相模原市南区,新戸,2021/1/11,0,駐車（輪）場,駐車（輪）場,施錠した,なし
窃盗,車上ねらい,相模原南,東林間,141534,神奈川県,相模原市南区,上鶴間３丁目,2021/4/15,22,駐車（輪）場,駐車（輪）場,施錠した,あり
窃盗,車上ねらい,相模原南,東林間,141534,神奈川県,相模原市南区,上鶴間３丁目,2021/5/26,6,道路上,その他,施錠せず,あり
窃盗,車上ねらい,相模原南,東林間,141534,神奈川県,相模原市南区,上鶴間６丁目,2021/2/5,18,駐車（輪）場,駐車（輪）場,施錠した,なし
窃盗,車上ねらい,相模原南,東林間,141534,神奈川県,相模原市南区,東林間１丁目,2021/3/24,18,４階建て以上共同住宅,駐車（輪）場,施錠した,なし
窃盗,車上ねらい,相模原南,東林間,141534,神奈川県,相模原市南区,東林間１丁目,2021/4/28,6,道路上,その他,施錠せず,あり
窃盗,車上ねらい,相模原南,東林間,141534,神奈川県,相模原市南区,東林間１丁目,2021/10/4,14,その他,その他,施錠せず,あり
窃盗,車上ねらい,相模原南,相南,141534,神奈川県,相模原市南区,相南２丁目,2020/12/29,20,一戸建住宅,その他,施錠した,なし
窃盗,車上ねらい,相模原南,相模大野駅前,141534,神奈川県,相模原市南区,相模大野６丁目,2021/9/3,7,駐車（輪）場,駐車（輪）場,施錠した,なし
窃盗,車上ねらい,相模原南,麻溝,141534,神奈川県,相模原市南区,下溝,2021/2/23,21,その他,その他,施錠せず,なし
窃盗,車上ねらい,相模原南,麻溝,141534,神奈川県,相模原市南区,下溝,2021/3/27,2,その他の住宅（３階建て以下共同住宅等）,駐車（輪）場,施錠した,あり
窃盗,車上ねらい,相模原南,麻溝,141534,神奈川県,相模原市南区,下溝,2021/6/27,22,その他の住宅（３階建て以下共同住宅等）,駐車（輪）場,施錠せず,なし
窃盗,車上ねらい,相模原南,麻溝,141534,神奈川県,相模原市南区,下溝,2021/10/8,19,その他,駐車（輪）場,施錠せず,なし
窃盗,車上ねらい,相模原南,麻溝,141534,神奈川県,相模原市南区,下溝,2021/11/8,19,４階建て以上共同住宅,駐車（輪）場,施錠せず,なし
窃盗,車上ねらい,相模原南,麻溝,141534,神奈川県,相模原市南区,当麻,2021/11/5,19,駐車（輪）場,駐車（輪）場,施錠せず,なし
窃盗,車上ねらい,相模原南,麻溝公園前,141534,神奈川県,相模原市南区,麻溝台,2021/8/4,12,その他,駐車（輪）場,施錠せず,なし
窃盗,車上ねらい,相模原南,麻溝公園前,141534,神奈川県,相模原市南区,麻溝台,2021/10/28,17,その他,その他,施錠せず,あり
窃盗,車上ねらい,相模原南,麻溝公園前,141534,神奈川県,相模原市南区,北里２丁目,2021/12/4,9,駐車（輪）場,駐車（輪）場,施錠せず,あり
窃盗,車上ねらい,座間,ひばりが丘,142166,神奈川県,座間市,ひばりが丘１丁目,2021/1/4,13,その他,駐車（輪）場,施錠せず,あり
窃盗,車上ねらい,座間,ひばりが丘,142166,神奈川県,座間市,ひばりが丘１丁目,2021/10/27,16,４階建て以上共同住宅,駐車（輪）場,施錠せず,なし
窃盗,車上ねらい,座間,ひばりが丘,142166,神奈川県,座間市,ひばりが丘２丁目,2021/6/5,17,一戸建住宅,その他,施錠せず,あり
窃盗,車上ねらい,座間,ひばりが丘,142166,神奈川県,座間市,ひばりが丘３丁目,2021/8/19,12,その他,駐車（輪）場,施錠せず,あり
窃盗,車上ねらい,座間,ひばりが丘,142166,神奈川県,座間市,ひばりが丘５丁目,2021/2/21,17,その他,駐車（輪）場,施錠せず,あり
窃盗,車上ねらい,座間,ひばりが丘,142166,神奈川県,座間市,ひばりが丘５丁目,2021/3/1,14,その他,その他,施錠せず,あり
窃盗,車上ねらい,座間,座間駅前,142166,神奈川県,座間市,立野台２丁目,2021/7/11,15,一戸建住宅,駐車（輪）場,施錠した,あり
窃盗,車上ねらい,座間,栗原,142166,神奈川県,座間市,栗原中央３丁目,2021/11/25,23,一戸建住宅,駐車（輪）場,施錠した,あり
窃盗,車上ねらい,座間,相模が丘,142166,神奈川県,座間市,相模が丘４丁目,2021/5/28,7,道路上,その他,施錠せず,あり
窃盗,車上ねらい,座間,相模が丘,142166,神奈川県,座間市,相模が丘４丁目,2021/6/16,12,４階建て以上共同住宅,その他,施錠せず,あり
窃盗,車上ねらい,座間,相模が丘,142166,神奈川県,座間市,相模が丘５丁目,2021/3/30,10,道路上,その他,施錠せず,あり
窃盗,車上ねらい,座間,相模が丘,142166,神奈川県,座間市,相模が丘５丁目,2021/6/17,8,その他,その他,施錠せず,あり
窃盗,車上ねらい,座間,相模が丘,142166,神奈川県,座間市,相模が丘６丁目,2021/5/28,8,道路上,その他,施錠せず,あり
窃盗,車上ねらい,座間,相模が丘,142166,神奈川県,座間市,相模が丘６丁目,2021/6/17,8,駐車（輪）場,駐車（輪）場,施錠せず,なし
窃盗,車上ねらい,座間,相武台前,142166,神奈川県,座間市,相武台１丁目,2021/1/19,19,その他,その他,施錠せず,なし
窃盗,車上ねらい,座間,相武台前,142166,神奈川県,座間市,相武台１丁目,2021/11/12,7,その他,その他,施錠せず,あり
窃盗,車上ねらい,座間,相武台前,142166,神奈川県,座間市,相武台１丁目,2021/11/13,7,その他,その他,施錠せず,あり
窃盗,車上ねらい,座間,相武台前,142166,神奈川県,座間市,相武台３丁目,2021/3/2,18,一戸建住宅,駐車（輪）場,施錠した,あり
窃盗,車上ねらい,座間,相武台前,142166,神奈川県,座間市,相武台３丁目,2021/10/27,13,その他,駐車（輪）場,施錠せず,なし
窃盗,車上ねらい,海老名,かしわ台駅前,142158,神奈川県,海老名市,上今泉４丁目,2021/1/25,19,一戸建住宅,駐車（輪）場,施錠した,あり
窃盗,車上ねらい,海老名,さがみ野駅前,142158,神奈川県,海老名市,柏ケ谷,2021/4/28,19,駐車（輪）場,駐車（輪）場,施錠した,なし
窃盗,車上ねらい,海老名,さがみ野駅前,142158,神奈川県,海老名市,上今泉４丁目,2021/10/14,21,駐車（輪）場,駐車（輪）場,施錠した,あり
窃盗,車上ねらい,海老名,さがみ野駅前,142158,神奈川県,海老名市,東柏ケ谷２丁目,2021/6/30,19,道路上,その他,施錠せず,なし
窃盗,車上ねらい,海老名,国分寺台,142158,神奈川県,海老名市,大谷南４丁目,2021/3/19,10,駐車（輪）場,駐車（輪）場,施錠せず,なし
窃盗,車上ねらい,海老名,国分寺台,142158,神奈川県,海老名市,大谷南５丁目,2021/10/14,16,駐車（輪）場,駐車（輪）場,施錠せず,なし
窃盗,車上ねらい,海老名,有馬,142158,神奈川県,海老名市,中野１丁目,2021/4/8,20,駐車（輪）場,駐車（輪）場,施錠した,あり
窃盗,車上ねらい,海老名,海老名駅前,142158,神奈川県,海老名市,国分南３丁目,2021/2/22,21,４階建て以上共同住宅,駐車（輪）場,施錠した,なし
窃盗,車上ねらい,海老名,海老名駅前,142158,神奈川県,海老名市,中央１丁目,2021/9/23,21,その他,駐車（輪）場,施錠した,なし
窃盗,車上ねらい,海老名,海老名駅前,142158,神奈川県,海老名市,中央２丁目,2021/5/16,18,駐車（輪）場,駐車（輪）場,施錠した,あり
窃盗,車上ねらい,海老名,海老名駅前,142158,神奈川県,海老名市,中央２丁目,2021/11/8,18,駐車（輪）場,駐車（輪）場,施錠した,なし
窃盗,車上ねらい,海老名,海老名駅前,142158,神奈川県,海老名市,国分北２丁目,2021/1/25,18,一戸建住宅,駐車（輪）場,施錠した,あり
窃盗,車上ねらい,海老名,海老名駅前,142158,神奈川県,海老名市,国分北２丁目,2021/9/21,13,駐車（輪）場,駐車（輪）場,施錠せず,あり
窃盗,車上ねらい,海老名,海西,142158,神奈川県,海老名市,上郷１丁目,2021/7/6,13,一戸建住宅,駐車（輪）場,施錠せず,あり
窃盗,車上ねらい,海老名,海西,142158,神奈川県,海老名市,上郷１丁目,2021/7/29,14,道路上,その他,施錠せず,あり
窃盗,車上ねらい,海老名,海西,142158,神奈川県,海老名市,河原口２丁目,2021/11/16,9,道路上,その他,施錠せず,なし
窃盗,車上ねらい,海老名,海西,142158,神奈川県,海老名市,中新田,2021/2/15,20,駐車（輪）場,駐車（輪）場,施錠した,あり
窃盗,車上ねらい,海老名,海西,142158,神奈川県,海老名市,中新田,2021/2/15,20,駐車（輪）場,駐車（輪）場,施錠した,なし
窃盗,車上ねらい,海老名,海西,142158,神奈川県,海老名市,中新田,2021/11/18,7,その他,その他,施錠せず,あり
窃盗,車上ねらい,海老名,海西,142158,神奈川県,海老名市,中新田２丁目,2021/2/14,13,駐車（輪）場,駐車（輪）場,施錠した,なし
窃盗,車上ねらい,海老名,海西,142158,神奈川県,海老名市,中新田２丁目,2021/3/2,8,道路上,その他,施錠せず,あり
窃盗,車上ねらい,海老名,海西,142158,神奈川県,海老名市,中新田３丁目,2021/1/18,20,駐車（輪）場,駐車（輪）場,施錠した,なし
窃盗,車上ねらい,海老名,海西,142158,神奈川県,海老名市,中新田３丁目,2021/3/24,11,道路上,その他,施錠せず,あり
窃盗,車上ねらい,海老名,海西,142158,神奈川県,海老名市,泉２丁目,2021/1/10,6,その他,駐車（輪）場,施錠せず,あり
窃盗,車上ねらい,相模原北,下九沢,141518,神奈川県,相模原市緑区,下九沢,2021/9/24,19,４階建て以上共同住宅,駐車（輪）場,施錠した,なし
窃盗,車上ねらい,相模原北,大島,141518,神奈川県,相模原市緑区,大島,2021/3/9,13,一戸建住宅,駐車（輪）場,施錠せず,あり
窃盗,車上ねらい,相模原北,大島,141518,神奈川県,相模原市緑区,大島,2021/7/5,20,一戸建住宅,駐車（輪）場,施錠せず,あり
窃盗,車上ねらい,相模原北,橋本駅前,141518,神奈川県,相模原市緑区,西橋本５丁目,2020/8/15,9,その他,駐車（輪）場,施錠せず,なし
窃盗,車上ねらい,相模原北,橋本駅前,141518,神奈川県,相模原市緑区,橋本３丁目,2020/8/9,22,その他,駐車（輪）場,施錠せず,なし
窃盗,車上ねらい,相模原北,橋本駅前,141518,神奈川県,相模原市緑区,橋本３丁目,2020/8/11,8,駐車（輪）場,駐車（輪）場,施錠せず,なし
窃盗,車上ねらい,相模原北,橋本駅前,141518,神奈川県,相模原市緑区,東橋本２丁目,2021/7/27,17,その他,その他,施錠せず,なし
窃盗,車上ねらい,相模原北,橋本駅前,141518,神奈川県,相模原市緑区,東橋本３丁目,2021/1/13,14,一戸建住宅,駐車（輪）場,施錠した,あり
窃盗,車上ねらい,相模原北,橋本駅前,141518,神奈川県,相模原市緑区,元橋本町,2021/2/20,7,その他の住宅（３階建て以下共同住宅等）,駐車（輪）場,施錠した,なし
窃盗,車上ねらい,相模原北,橋本駅前,141518,神奈川県,相模原市緑区,元橋本町,2021/11/19,1,駐車（輪）場,駐車（輪）場,施錠した,あり
窃盗,車上ねらい,相模原北,相原,141518,神奈川県,相模原市緑区,相原１丁目,2021/6/12,21,一戸建住宅,駐車（輪）場,施錠した,あり
窃盗,車上ねらい,相模原北,相原,141518,神奈川県,相模原市緑区,相原４丁目,2021/1/4,19,その他の住宅（３階建て以下共同住宅等）,駐車（輪）場,施錠した,なし
窃盗,車上ねらい,相模原北,相原,141518,神奈川県,相模原市緑区,相原４丁目,2021/1/4,20,その他の住宅（３階建て以下共同住宅等）,駐車（輪）場,施錠せず,なし
窃盗,車上ねらい,相模原北,相原,141518,神奈川県,相模原市緑区,二本松２丁目,2021/1/4,15,４階建て以上共同住宅,駐車（輪）場,施錠した,あり
窃盗,車上ねらい,相模原北,相原,141518,神奈川県,相模原市緑区,二本松４丁目,2021/4/4,0,その他の住宅（３階建て以下共同住宅等）,駐車（輪）場,施錠せず,なし
